Power_network_size,spatial_cluster_method,temporal_cluster_method,Rep-Days,Emis-case,Elec_scenario,reduc-goal,RPS,UC-active?,UC-rlx?,int-vars-rlx?,MI-gap(%),Run time(sec),Total-cost,Power-cost,est-cost,decom-cost,FOM,VOM,nuc-fuel-cost,gas-fuel-cost,startup-cost,shed-cost,storage-cost,tran-est-cost,CCS-cost,emission_e,num-est-tran,total-str-lev,total-str-cap,num-est-str,total-flow,NG-cost,NG-import-cost,RNG-import-cost,inv-storage,FOM-storage,shed-cost,pipe-est-cost,emission_g,num-est-pipe,total-ng-shed,total-RNG-import,total-flowGE,Production:,ng,solar,wind,hydro,nuclear,CT,CC,CC-CCS,solar-UPV,wind-new,wind-offshore,nuclear-new,established:,ng,solar,wind,hydro,nuclear,CT,CC,CC-CCS,solar-UPV,wind-new,wind-offshore,nuclear-new,decommissioned:,ng,solar,wind,hydro,nuclear,CT,CC,CC-CCS,solar-UPV,wind-new,wind-offshore,nuclear-new
6,GNN,pca,5,4,RM,0.8,0.0,False,True,0,0,7.889100790023804,20922283112.79671,12633654697.97315,10281960000.001945,300000000.0,1251309900.0000582,232616951.5472003,149704671.74399996,1683551017.2500038,0.0,221850515.9525869,196212658.7273767,0.0,0,13500000.000000002,0,7693.626017984085,2970.8281665244026,6,2074723.2000000072,8288628414.82356,1683551017.2500033,5550877397.57356,0.0,1054200000.0,0.0,0.0,4.831235855817795e-09,0,0.0,4409808.004170002,5443705.111584776,Production:,28585713.509433523,852671.7689381177,1974373.9642485026,18536160.0,19615392.0,0.0,0.0,8409600.00000542,23380652.107284546,0.0,0.0,0.0,established:,0.0,0.0,0.0,0.0,0.0,0.0,0.0,3.000000000002243,1143.0,0.0,0.0,0.0,decommissioned:,0.0,0.0,0.0,0.0,1.0,0.0,0.0,0.0,0.0,0.0,0.0,0.0
88,GNN,pca,2,4,RM,0.8,0.0,False,True,0,0,22.796463012695312,32559594747.564682,22707070936.1228,11126120000.0,300000000.0,1283029000.0,173978748.9491349,149704671.74400002,1171559970.0382943,0.0,9597226470.642574,77012044.78709666,0.0,0,6606239.490207264,0,3053.9415980352856,1137.7151777714964,88,5748860.64000011,9852523811.441881,1880446663.9698067,6917877147.4720745,0.0,1054200000.0,0.0,0.0,6893760.5097926855,0,0.0,2239580.3945806986,1472776.7141692932,Production:,3637152.0,754467.4887043749,1564040.2544594766,17891424.0,19615392.0,3280773.7898269766,8031168.0,14016000.0,14609561.853162441,0.0,0.0,0.0,established:,0.0,0.0,0.0,0.0,0.0,2.0,2.0,5.0,796.0,0.0,0.0,0.0,decommissioned:,0.0,0.0,0.0,0.0,1.0,0.0,0.0,0.0,0.0,0.0,0.0,0.0
88,GNN,pca,365,4,RM,0.8,0.0,False,True,0,0,1566.8973603248596,24241602774.13463,1562377592.6192882,18325375887.067314,0.0,0.0,399211228.5094663,1576670.8281791278,0.0,0.0,1153412054.411457,8177638.870409139,0.0,0,2070233.5748213457,0,382.15701087225494,72.96998133958421,5,377990999.26842886,4353849294.448025,2567620815.81953,732028478.6285,0.0,1054200000.0,0.0,0.0,11429766.42517865,0,0.0,36601423.93142496,882396.4151475815,Production:,74688067.8185416,866506.105163913,1773232.0448509487,22166386.912051965,206586.8485559656,1027130.888925558,9823030.637491405,96000.0,15726644.78708402,0.0,0.0,0.0,established:,0.0,0.0,0.0,0.0,0.0,2.0,2.0,5.0,796.0,0.0,0.0,0.0,decommissioned:,0.0,0.0,0.0,0.0,1.0,0.0,0.0,0.0,0.0,0.0,0.0,0.0
6,GNN-0-0,pca,5,4,RM,0.8,0.0,False,True,0,0,2.4783730506896973,20922283112.79671,12633654697.97315,10281960000.001945,300000000.0,1251309900.0000582,232616951.5472003,149704671.74399996,1683551017.2500038,0.0,221850515.9525869,196212658.7273767,0.0,0,13500000.000000002,0,7693.626017984085,2970.8281665244026,6,2074723.2000000072,8288628414.82356,1683551017.2500033,5550877397.57356,0.0,1054200000.0,0.0,0.0,4.831235855817795e-09,0,0.0,4409808.004170002,5443705.111584776,Production:,28585713.509433523,852671.7689381177,1974373.9642485026,18536160.0,19615392.0,0.0,0.0,8409600.00000542,23380652.107284546,0.0,0.0,0.0,established:,0.0,0.0,0.0,0.0,0.0,0.0,0.0,3.000000000002243,1143.0,0.0,0.0,0.0,decommissioned:,0.0,0.0,0.0,0.0,1.0,0.0,0.0,0.0,0.0,0.0,0.0,0.0
88,GNN-0-0,pca,2,4,RM,0.8,0.0,False,True,0,0,16.22393250465393,32628087508.956284,22772795242.15136,10931240000.0,300000000.0,1278679000.0,174049954.0767847,149704671.74400002,1172314374.1247184,0.0,9886768981.746128,52352634.58443427,0.0,0,6613575.896919278,0,1972.096981559306,859.3640309120321,88,5748860.64000011,9855292266.804922,1880446663.9697986,6920645602.835125,0.0,1054200000.0,0.0,0.0,6886424.103080602,0,0.0,2240733.917648636,1473581.4977050559,Production:,3637152.0,754467.4887043749,1564040.2544594766,17891424.0,19615392.0,3295014.815356942,8031168.0,14016000.000000002,13937717.980002668,0.0,0.0,0.0,established:,0.0,0.0,0.0,0.0,0.0,2.0,2.0,5.0,767.0,0.0,0.0,0.0,decommissioned:,0.0,0.0,0.0,0.0,1.0,0.0,0.0,0.0,0.0,0.0,0.0,0.0
88,GNN-0-0,pca,365,4,RM,0.8,0.0,False,True,0,0,1566.173719882965,24070692841.300186,1575855257.1208448,18140305920.650093,0.0,0.0,407675819.7861399,1503393.6268662808,0.0,0.0,1158500917.489254,8175126.218648529,0.0,0,2354315.8950811755,0,381.82436190138384,73.12548637143189,5,375760822.53413683,4354531663.529248,2567679923.996279,732651739.5329752,0.0,1054200000.0,0.0,0.0,11145684.10491882,0,0.0,36632586.976648726,924404.9973888351,Production:,77260600.63716032,861955.7322841468,1771472.7812520948,22173966.722491484,196985.5381114102,72079.81441785257,10021223.226004533,96000.0,13906782.423356663,0.0,0.0,0.0,established:,0.0,0.0,0.0,0.0,0.0,2.0,2.0,5.0,767.0,0.0,0.0,0.0,decommissioned:,0.0,0.0,0.0,0.0,1.0,0.0,0.0,0.0,0.0,0.0,0.0,0.0
6,GNN-0.5-0.5,pca,5,4,RM,0.8,0.0,False,True,0,0,2.542179584503174,20922283112.79671,12633654697.97315,10281960000.001945,300000000.0,1251309900.0000582,232616951.5472003,149704671.74399996,1683551017.2500038,0.0,221850515.9525869,196212658.7273767,0.0,0,13500000.000000002,0,7693.626017984085,2970.8281665244026,6,2074723.2000000072,8288628414.82356,1683551017.2500033,5550877397.57356,0.0,1054200000.0,0.0,0.0,4.831235855817795e-09,0,0.0,4409808.004170002,5443705.111584776,Production:,28585713.509433523,852671.7689381177,1974373.9642485026,18536160.0,19615392.0,0.0,0.0,8409600.00000542,23380652.107284546,0.0,0.0,0.0,established:,0.0,0.0,0.0,0.0,0.0,0.0,0.0,3.000000000002243,1143.0,0.0,0.0,0.0,decommissioned:,0.0,0.0,0.0,0.0,1.0,0.0,0.0,0.0,0.0,0.0,0.0,0.0
88,GNN-0.5-0.5,pca,2,4,RM,0.8,0.0,False,True,0,0,16.985050678253174,33389952183.242977,23948980495.278313,9459200000.0,300000000.0,1225879000.0,123629606.21772489,149704671.74400002,844549641.9075515,0.0,12659029158.781914,31538058.534676876,0.0,0,6298286.558704628,0,1106.801962001513,584.8384003189607,88,5748860.64000011,9440971687.964664,1585103193.8898032,6801668494.074862,0.0,1054200000.0,0.0,0.0,7201713.4412953,0,0.0,2191160.1223318595,1061586.5335305657,Production:,3637152.0,754467.4887043749,1564040.2544594766,17891424.0,19615392.0,3302465.2435449767,8031168.0,5606400.0,16746758.33740954,0.0,0.0,0.0,established:,0.0,0.0,0.0,0.0,0.0,2.0,2.0,2.0,935.0,0.0,0.0,0.0,decommissioned:,0.0,0.0,0.0,0.0,1.0,0.0,0.0,0.0,0.0,0.0,0.0,0.0
88,GNN-0.5-0.5,pca,365,4,RM,0.8,0.0,False,True,0,0,1366.9897916316986,22541945692.136772,1568378505.9845932,16613512346.068386,0.0,0.0,406277713.9371781,1519626.9186463382,0.0,0.0,1152406038.910356,8175126.218648531,0.0,0,5634608.749430614,0,381.82436190138384,73.12548637143189,5,389504481.7702359,4360054840.083792,2566006319.3872614,739848520.6965326,0.0,1054200000.0,0.0,0.0,7865391.250569383,0,0.0,36992426.03482659,977160.641068958,Production:,77056933.32290582,868104.3068212105,1653188.177983909,21638115.74046668,199112.54175135476,57300.44782172459,10038960.0,38400.0,14822888.135640128,0.0,0.0,0.0,established:,0.0,0.0,0.0,0.0,0.0,2.0,2.0,2.0,935.0,0.0,0.0,0.0,decommissioned:,0.0,0.0,0.0,0.0,1.0,0.0,0.0,0.0,0.0,0.0,0.0,0.0
6,GNN-0-0.5,pca,5,4,RM,0.8,0.0,False,True,0,0,2.5680110454559326,20922283112.79671,12633654697.97315,10281960000.001945,300000000.0,1251309900.0000582,232616951.5472003,149704671.74399996,1683551017.2500038,0.0,221850515.9525869,196212658.7273767,0.0,0,13500000.000000002,0,7693.626017984085,2970.8281665244026,6,2074723.2000000072,8288628414.82356,1683551017.2500033,5550877397.57356,0.0,1054200000.0,0.0,0.0,4.831235855817795e-09,0,0.0,4409808.004170002,5443705.111584776,Production:,28585713.509433523,852671.7689381177,1974373.9642485026,18536160.0,19615392.0,0.0,0.0,8409600.00000542,23380652.107284546,0.0,0.0,0.0,established:,0.0,0.0,0.0,0.0,0.0,0.0,0.0,3.000000000002243,1143.0,0.0,0.0,0.0,decommissioned:,0.0,0.0,0.0,0.0,1.0,0.0,0.0,0.0,0.0,0.0,0.0,0.0
88,GNN-0-0.5,pca,2,4,RM,0.8,0.0,False,True,0,0,16.440885066986084,33327510856.638515,23892747384.75541,9721280000.0,300000000.0,1231729000.0,123469929.87817854,149704671.74400002,842857903.0253259,0.0,12272468484.410389,94095298.72283602,0.0,0,6281834.786088487,0,3755.3314407179773,1370.293071575321,88,5748860.64000011,9434763471.883106,1585103193.889801,6795460277.993305,0.0,1054200000.0,0.0,0.0,7218165.213911423,0,0.0,2199198.259707545,1059781.819553367,Production:,3637152.0,754467.4887043749,1564040.2544594766,17891424.0,19615392.0,3270529.9756357064,8031168.0,5606400.0,17731706.344906244,0.0,0.0,0.0,established:,0.0,0.0,0.0,0.0,0.0,2.0,2.0,2.0,974.0,0.0,0.0,0.0,decommissioned:,0.0,0.0,0.0,0.0,1.0,0.0,0.0,0.0,0.0,0.0,0.0,0.0
88,GNN-0-0.5,pca,365,4,RM,0.8,0.0,False,True,0,0,1561.5489597320557,22772600083.03215,1551363272.0136764,16862804541.516075,0.0,0.0,390048802.4885034,1596218.5073924353,0.0,0.0,1151540612.147506,8177638.870409139,0.0,0,4958688.030006956,0,382.1570108722549,72.96998133958421,5,376977085.67019403,4358432269.502398,2565866681.494382,738365588.0080208,0.0,1054200000.0,0.0,0.0,8541311.96999304,0,0.0,36918279.400401,877392.3749218015,Production:,72944968.36184941,866586.3972098138,1722522.9147169655,21751692.370189015,209148.12727888342,1218245.3704131707,9292018.786305105,38400.0,18334066.44726934,0.0,0.0,0.0,established:,0.0,0.0,0.0,0.0,0.0,2.0,2.0,2.0,974.0,0.0,0.0,0.0,decommissioned:,0.0,0.0,0.0,0.0,1.0,0.0,0.0,0.0,0.0,0.0,0.0,0.0
6,GNN-0.5-0,pca,5,4,RM,0.8,0.0,False,True,0,0,2.5588133335113525,20922283112.79671,12633654697.97315,10281960000.001945,300000000.0,1251309900.0000582,232616951.5472003,149704671.74399996,1683551017.2500038,0.0,221850515.9525869,196212658.7273767,0.0,0,13500000.000000002,0,7693.626017984085,2970.8281665244026,6,2074723.2000000072,8288628414.82356,1683551017.2500033,5550877397.57356,0.0,1054200000.0,0.0,0.0,4.831235855817795e-09,0,0.0,4409808.004170002,5443705.111584776,Production:,28585713.509433523,852671.7689381177,1974373.9642485026,18536160.0,19615392.0,0.0,0.0,8409600.00000542,23380652.107284546,0.0,0.0,0.0,established:,0.0,0.0,0.0,0.0,0.0,0.0,0.0,3.000000000002243,1143.0,0.0,0.0,0.0,decommissioned:,0.0,0.0,0.0,0.0,1.0,0.0,0.0,0.0,0.0,0.0,0.0,0.0
88,GNN-0.5-0,pca,2,4,RM,0.8,0.0,False,True,0,0,16.98473286628723,32806052481.730026,22949893644.895176,10796840000.0,300000000.0,1275679000.0,174072242.40059996,149704671.74400002,1172550514.4578767,0.0,10245994592.622261,7603138.128323317,0.0,0,6615872.3074986115,0,287.5276141578824,123.8779117798628,88,5748860.64000011,9856158836.834848,1880446663.9698029,6921512172.8650465,0.0,1054200000.0,0.0,0.0,6884127.69250131,0,0.0,2299357.3496510014,1473833.4075974799,Production:,3637152.0,754467.4887043749,1564040.2544594766,17891424.0,19615392.0,3299472.4801199897,8031168.0,14016000.0,13120215.568891982,0.0,0.0,0.0,established:,0.0,0.0,0.0,0.0,0.0,2.0,2.0,5.0,747.0,0.0,0.0,0.0,decommissioned:,0.0,0.0,0.0,0.0,1.0,0.0,0.0,0.0,0.0,0.0,0.0,0.0
88,GNN-0.5-0,pca,365,4,RM,0.8,0.0,False,True,0,0,1614.153623342514,22818258544.35106,1018338108.646283,17445388772.17553,0.0,0.0,460986120.15592927,2530151.22822537,0.0,0.0,480912515.7700666,73909321.49205945,0.0,0,2354315.8950811727,0,3527.6658378844,598.5420504213051,14,374674034.5456783,4354531663.529247,2567679923.996279,732651739.5329753,0.0,1054200000.0,0.0,0.0,11145684.104918823,0,0.0,36632586.97664872,924404.9973888353,Production:,87761008.67243119,797987.5225308528,1636309.7029455027,20833120.7935686,331518.76680101844,179918.56161876192,10021223.226004533,96000.0,6470974.286373305,0.0,0.0,0.0,established:,0.0,0.0,0.0,0.0,0.0,2.0,2.0,5.0,747.0,0.0,0.0,0.0,decommissioned:,0.0,0.0,0.0,0.0,1.0,0.0,0.0,0.0,0.0,0.0,0.0,0.0
6,GNN,pca,10,4,RM,0.8,0.0,False,True,0,0,6.703956127166748,24483135525.58568,13816288268.024815,10404000000.002443,300000000.0000001,1313859900.0000734,373455001.6499938,149704671.74400002,2568618399.446641,0.0,1218995814.3916717,56272880.23666939,0.0,0,13500000.000000082,0,2302.723432158329,772.4701380611272,6,4149446.3999999412,10666847257.560863,2568618399.446646,7044028858.114222,0.0,1054200000.0,0.0,0.0,4.0236045606434345e-09,0,0.0,11823586.980669998,16418025.92056783,Production:,26511669.00360069,657876.971376034,1438513.0031581777,18536160.0,19615392.0,0.0,-1.7343320350790444e-08,33610978.771998145,0.0,0.0,0.0,0.0,established:,0.0,0.0,0.0,0.0,0.0,0.0,0.0,12.000000000002819,0.0,0.0,0.0,0.0,decommissioned:,0.0,0.0,0.0,0.0,1.0000000000000004,0.0,0.0,0.0,0.0,0.0,0.0,0.0
88,GNN,pca,2,4,RM,0.8,0.0,False,True,0,0,20.590081453323364,33193296697.40119,22945067122.55,8466800000.0,300000000.0,1244629000.0,223920320.691144,149704671.74400002,1494252165.0505328,0.0,12552999833.63197,7013296.482981155,0.0,0,6872199.567529945,0,297.57453459598975,87.52192193999699,88,5748860.64000011,10248229574.851194,2175790134.049806,7018239440.801388,0.0,1054200000.0,0.0,0.0,6627800.432470006,0,0.0,2274004.108196912,1875828.5871965343,Production:,3637152.0,754467.4887043749,1564040.2544594766,17891424.0,19615392.0,3177568.138228799,8031168.0,22425600.0,107010.91378087243,107010.91378087243,0.0,0.0,established:,0.0,0.0,0.0,0.0,0.0,2.0,2.0,8.0,6.0,6.0,0.0,0.0,decommissioned:,0.0,0.0,0.0,0.0,1.0,0.0,0.0,0.0,0.0,0.0,0.0,0.0
88,GNN,pca,365,4,RM,0.8,0.0,False,True,0,0,1664.6624312400818,21723600324.918385,1653975884.0495543,15717514662.459192,0.0,0.0,475147362.5498673,3872308.61131963,0.0,0.0,1166805894.7788723,8150318.109546357,0.0,0,736728.3483028888,0,381.09103309921534,72.551950840353,5,378352542.4070852,4352109778.409638,2568806936.5220776,729102841.8875645,0.0,1054200000.0,0.0,0.0,12763271.651697107,0,0.0,36455142.09437817,953751.4042557818,Production:,90459576.0589136,867870.0918443303,1771625.500079487,22171669.518632825,507377.96269911365,213517.861908845,9983952.0,133205.50338767905,118294.22761439467,118328.6336247548,0.0,0.0,established:,0.0,0.0,0.0,0.0,0.0,2.0,2.0,8.0,6.0,6.0,0.0,0.0,decommissioned:,0.0,0.0,0.0,0.0,1.0,0.0,0.0,0.0,0.0,0.0,0.0,0.0
6,GNN-0-0,pca,10,4,RM,0.8,0.0,False,True,0,0,7.204162359237671,24483135525.58568,13816288268.024815,10404000000.002443,300000000.0000001,1313859900.0000734,373455001.6499938,149704671.74400002,2568618399.446641,0.0,1218995814.3916717,56272880.23666939,0.0,0,13500000.000000082,0,2302.723432158329,772.4701380611272,6,4149446.3999999412,10666847257.560863,2568618399.446646,7044028858.114222,0.0,1054200000.0,0.0,0.0,4.0236045606434345e-09,0,0.0,11823586.980669998,16418025.92056783,Production:,26511669.00360069,657876.971376034,1438513.0031581777,18536160.0,19615392.0,0.0,-1.7343320350790444e-08,33610978.771998145,0.0,0.0,0.0,0.0,established:,0.0,0.0,0.0,0.0,0.0,0.0,0.0,12.000000000002819,0.0,0.0,0.0,0.0,decommissioned:,0.0,0.0,0.0,0.0,1.0000000000000004,0.0,0.0,0.0,0.0,0.0,0.0,0.0
88,GNN-0-0,pca,2,4,RM,0.8,0.0,False,True,0,0,21.345436811447144,33192724957.643837,22944495382.79264,8466800000.0,300000000.0,1244629000.0,223920320.691144,149704671.74400002,1494252165.0505333,0.0,12552428093.87461,7013296.482981155,0.0,0,6872199.567529945,0,297.57453459598975,87.52192193999699,88,5748860.64000011,10248229574.851198,2175790134.0498037,7018239440.8013935,0.0,1054200000.0,0.0,0.0,6627800.43246999,0,0.0,2281420.116801248,1875828.5871965336,Production:,3637152.0,754467.4887043749,1564040.2544594766,17891424.0,19615392.0,3177568.138228799,8031168.0,22425600.000000004,107582.6535382281,107582.6535382281,0.0,0.0,established:,0.0,0.0,0.0,0.0,0.0,2.0,2.0,8.0,6.0,6.0,0.0,0.0,decommissioned:,0.0,0.0,0.0,0.0,1.0,0.0,0.0,0.0,0.0,0.0,0.0,0.0
88,GNN-0-0,pca,365,4,RM,0.8,0.0,False,True,0,0,1527.3451690673828,21763685093.376823,1673303685.87444,15737557046.688412,0.0,0.0,474814797.8369747,3832106.779263827,0.0,0.0,1186506463.1488984,8150318.109546356,0.0,0,1214798.110389787,0,381.09103309921534,72.55195084035299,5,370235655.0502209,4352824360.813972,2568472660.299635,730151700.5143455,0.0,1054200000.0,0.0,0.0,12285201.889610209,0,0.0,36507585.02571724,944859.2489078216,Production:,90426083.2077281,868327.4442294362,1779884.1664397256,22185802.890290204,502110.4270523888,191496.9401159871,9995067.194184951,122090.3092027287,118467.63426261181,118473.10124274898,0.0,0.0,established:,0.0,0.0,0.0,0.0,0.0,2.0,2.0,8.0,6.0,6.0,0.0,0.0,decommissioned:,0.0,0.0,0.0,0.0,1.0,0.0,0.0,0.0,0.0,0.0,0.0,0.0
6,GNN-0.5-0.5,pca,10,4,RM,0.8,0.0,False,True,0,0,7.932418584823608,24483135525.58568,13816288268.024815,10404000000.002443,300000000.0000001,1313859900.0000734,373455001.6499938,149704671.74400002,2568618399.446641,0.0,1218995814.3916717,56272880.23666939,0.0,0,13500000.000000082,0,2302.723432158329,772.4701380611272,6,4149446.3999999412,10666847257.560863,2568618399.446646,7044028858.114222,0.0,1054200000.0,0.0,0.0,4.0236045606434345e-09,0,0.0,11823586.980669998,16418025.92056783,Production:,26511669.00360069,657876.971376034,1438513.0031581777,18536160.0,19615392.0,0.0,-1.7343320350790444e-08,33610978.771998145,0.0,0.0,0.0,0.0,established:,0.0,0.0,0.0,0.0,0.0,0.0,0.0,12.000000000002819,0.0,0.0,0.0,0.0,decommissioned:,0.0,0.0,0.0,0.0,1.0000000000000004,0.0,0.0,0.0,0.0,0.0,0.0,0.0
88,GNN-0.5-0.5,pca,2,4,RM,0.8,0.0,False,True,0,0,21.94057822227478,35256180280.076454,25811451470.656933,3264800000.0,300000000.0,1088629000.0,123726240.0,149704671.74400002,845573457.504,0.0,20884591558.912937,0.0,0.0,0,6308242.930559998,0,0.0,0.0,0,5748860.64000011,9444728809.419521,1585103193.889803,6805425615.529718,0.0,1054200000.0,0.0,0.0,7191757.069439928,0,0.0,2192725.5896047163,1062678.7200000007,Production:,3637152.0,754467.4887043749,1564040.2544594766,17891424.0,19615392.0,3321792.0,8031168.0,5606400.0,107078.29761310098,107078.29761310098,0.0,0.0,established:,0.0,0.0,0.0,0.0,0.0,2.0,2.0,2.0,6.0,6.0,0.0,0.0,decommissioned:,0.0,0.0,0.0,0.0,1.0,0.0,0.0,0.0,0.0,0.0,0.0,0.0
88,GNN-0.5-0.5,pca,365,4,RM,0.8,0.0,False,True,0,0,1543.147049665451,16357012151.923416,1641741327.4482808,10355220575.961708,0.0,0.0,474859293.6248347,3985824.9452205985,0.0,0.0,1154745890.7688708,8150318.109546357,0.0,0,5632694.954063773,0,381.09103309921534,72.551950840353,5,380081702.88416666,4360050248.513428,2566005926.5781236,739844321.9353063,0.0,1054200000.0,0.0,0.0,7867305.045936223,0,0.0,36992216.09676529,976878.627936515,Production:,90486379.80999383,868281.2427587702,1780084.9715804649,22185275.906499494,522251.69617670454,214914.23649269715,10038960.0,38400.0,118348.20629009588,118341.6594373418,0.0,0.0,established:,0.0,0.0,0.0,0.0,0.0,2.0,2.0,2.0,6.0,6.0,0.0,0.0,decommissioned:,0.0,0.0,0.0,0.0,1.0,0.0,0.0,0.0,0.0,0.0,0.0,0.0
6,GNN-0-0.5,pca,10,4,RM,0.8,0.0,False,True,0,0,6.905967712402344,24483135525.58568,13816288268.024815,10404000000.002443,300000000.0000001,1313859900.0000734,373455001.6499938,149704671.74400002,2568618399.446641,0.0,1218995814.3916717,56272880.23666939,0.0,0,13500000.000000082,0,2302.723432158329,772.4701380611272,6,4149446.3999999412,10666847257.560863,2568618399.446646,7044028858.114222,0.0,1054200000.0,0.0,0.0,4.0236045606434345e-09,0,0.0,11823586.980669998,16418025.92056783,Production:,26511669.00360069,657876.971376034,1438513.0031581777,18536160.0,19615392.0,0.0,-1.7343320350790444e-08,33610978.771998145,0.0,0.0,0.0,0.0,established:,0.0,0.0,0.0,0.0,0.0,0.0,0.0,12.000000000002819,0.0,0.0,0.0,0.0,decommissioned:,0.0,0.0,0.0,0.0,1.0000000000000004,0.0,0.0,0.0,0.0,0.0,0.0,0.0
88,GNN-0-0.5,pca,2,4,RM,0.8,0.0,False,True,0,0,21.116700172424316,34196630082.1948,24336132330.695274,5865800000.0,300000000.0,1166629000.0,174183840.0,149704671.74400002,1173732868.7040002,0.0,16679814818.951283,0.0,0.0,0,6627370.431359999,0,0.0,0.0,0,5748860.64000011,9860497751.499525,1880446663.9698021,6925851087.529723,0.0,1054200000.0,0.0,0.0,6872629.568639915,0,0.0,2242902.869604719,1475094.7200000011,Production:,3637152.0,754467.4887043749,1564040.2544594766,17891424.0,19615392.0,3321792.0,8031168.0,14016000.0,107055.03757475577,107055.03757475577,0.0,0.0,established:,0.0,0.0,0.0,0.0,0.0,2.0,2.0,5.0,6.0,6.0,0.0,0.0,decommissioned:,0.0,0.0,0.0,0.0,1.0,0.0,0.0,0.0,0.0,0.0,0.0,0.0
88,GNN-0-0.5,pca,365,4,RM,0.8,0.0,False,True,0,0,1540.5134077072144,19062690186.915257,1660605719.6704845,13047559593.457628,0.0,0.0,474784321.5784798,3976408.444463198,0.0,0.0,1173694671.5382156,8150318.109546356,0.0,0,2351489.20532734,0,381.09103309921534,72.551950840353,5,378807921.27746356,4354524873.787144,2567679335.855213,732645537.9319357,0.0,1054200000.0,0.0,0.0,11148510.794672657,0,0.0,36632276.896596745,923987.0015456385,Production:,90439568.64881773,868477.8885460249,1779090.4944112096,22186905.77011239,521017.8779432923,185225.5143343522,10021157.503387678,96000.0,118230.97858788002,118221.80002925296,0.0,0.0,established:,0.0,0.0,0.0,0.0,0.0,2.0,2.0,5.0,6.0,6.0,0.0,0.0,decommissioned:,0.0,0.0,0.0,0.0,1.0,0.0,0.0,0.0,0.0,0.0,0.0,0.0
6,GNN-0.5-0,pca,10,4,RM,0.8,0.0,False,True,0,0,6.718181610107422,24483135525.58568,13816288268.024815,10404000000.002443,300000000.0000001,1313859900.0000734,373455001.6499938,149704671.74400002,2568618399.446641,0.0,1218995814.3916717,56272880.23666939,0.0,0,13500000.000000082,0,2302.723432158329,772.4701380611272,6,4149446.3999999412,10666847257.560863,2568618399.446646,7044028858.114222,0.0,1054200000.0,0.0,0.0,4.0236045606434345e-09,0,0.0,11823586.980669998,16418025.92056783,Production:,26511669.00360069,657876.971376034,1438513.0031581777,18536160.0,19615392.0,0.0,-1.7343320350790444e-08,33610978.771998145,0.0,0.0,0.0,0.0,established:,0.0,0.0,0.0,0.0,0.0,0.0,0.0,12.000000000002819,0.0,0.0,0.0,0.0,decommissioned:,0.0,0.0,0.0,0.0,1.0000000000000004,0.0,0.0,0.0,0.0,0.0,0.0,0.0
88,GNN-0.5-0,pca,2,4,RM,0.8,0.0,False,True,0,0,20.834461450576782,33193252573.607315,22945022998.756107,8466800000.0,300000000.0,1244629000.0,223920320.691144,149704671.74400002,1494252165.0505328,0.0,12552955709.838085,7013296.482981155,0.0,0,6872199.567529947,0,297.57453459598975,87.52192193999699,88,5748860.64000011,10248229574.851206,2175790134.049801,7018239440.801405,0.0,1054200000.0,0.0,0.0,6627800.432469959,0,0.0,2281398.0168012525,1875828.587196533,Production:,3637152.0,754467.4887043749,1564040.2544594766,17891424.0,19615392.0,3177568.138228799,8031168.0,22425600.000000004,107055.03757475577,107055.03757475577,0.0,0.0,established:,0.0,0.0,0.0,0.0,0.0,2.0,2.0,8.0,6.0,6.0,0.0,0.0,decommissioned:,0.0,0.0,0.0,0.0,1.0,0.0,0.0,0.0,0.0,0.0,0.0,0.0
88,GNN-0.5-0,pca,365,4,RM,0.8,0.0,False,True,0,0,1468.4154896736145,21763721937.08031,1673322107.7261822,15737575468.540155,0.0,0.0,474816752.32178414,3833073.299777719,0.0,0.0,1186521963.9951448,8150318.109546357,0.0,0,1214798.1103897877,0,381.09103309921534,72.551950840353,5,369709040.00314057,4352824360.813973,2568472660.299632,730151700.5143455,0.0,1054200000.0,0.0,0.0,12285201.889610209,0,0.0,36507585.025717236,944859.2489078216,Production:,90396107.52669261,868565.3435785485,1779873.3605378282,22189183.21006512,502237.06758093927,221812.86190884496,9995067.19418495,122090.30920272869,118291.11489678956,118324.03138250193,0.0,0.0,established:,0.0,0.0,0.0,0.0,0.0,2.0,2.0,8.0,6.0,6.0,0.0,0.0,decommissioned:,0.0,0.0,0.0,0.0,1.0,0.0,0.0,0.0,0.0,0.0,0.0,0.0
6,GNN,pca,20,4,RM,0.8,0.0,False,True,0,0,14.584942102432251,25595350162.022736,14157948543.63847,11774760000.000002,300000000.0,1337809900.0,357665000.1690804,149704671.74400008,2469389424.9941235,0.0,235993895.45634001,2015076.269082025,0.0,0,13500000.000000022,0,67.72706397999909,39.83944939999947,6,8298892.800000067,11437401618.384266,2469389424.9941235,7913812193.39014,0.0,1054200000.0,0.0,0.0,5.762558430433273e-09,0,0.0,28362386.56514599,30556803.155926365,Production:,26744199.67123391,761732.7326025731,1682721.6366830433,18536160.0,19615392.0,0.0,0.0,30785536.302151803,5866839.068479674,0.0,0.0,0.0,established:,0.0,0.0,0.0,0.0,0.0,0.0,0.0,11.000000000000002,333.0,0.0,0.0,0.0,decommissioned:,0.0,0.0,0.0,0.0,1.0,0.0,0.0,0.0,0.0,0.0,0.0,0.0
88,GNN,pca,2,4,RM,0.8,0.0,False,True,0,0,29.526657104492188,31521698835.002197,20725514678.73815,14132160000.0,300000000.0,1396829000.0,291032408.550528,149704671.74399993,1930052954.4631348,0.0,4287761699.656935,168026898.78667855,0.0,0,7280732.280657996,0,7624.569427430474,1687.5219219399983,88,5748860.64000011,10796184156.264046,2569581427.489806,7172402728.77424,0.0,1054200000.0,0.0,0.0,6219267.719341949,0,0.0,2316906.230118933,2423048.2505185553,Production:,3637152.0,754467.4887043749,1564040.2544594766,17891424.0,19615392.0,3144625.7101055994,8031168.0,33638400.0,5947633.756459059,18635.178148363775,0.0,0.0,established:,0.0,0.0,0.0,0.0,0.0,2.0,2.0,12.0,339.0,1.0,0.0,0.0,decommissioned:,0.0,0.0,0.0,0.0,1.0,0.0,0.0,0.0,0.0,0.0,0.0,0.0
88,GNN,pca,365,4,RM,0.8,0.0,False,True,0,0,1653.3953812122345,27523176569.72339,1645494048.9105406,21526082784.861694,0.0,0.0,448961705.6629889,3886634.88015822,0.0,0.0,1184468069.4969676,8177638.8704091385,0.0,0,683903.0279599468,0,382.157010872255,72.96998133958422,5,377350129.4303753,4351599735.951153,2568412789.8958535,728986946.0553069,0.0,1054200000.0,0.0,0.0,12816096.97204005,0,0.0,36449347.3027653,875636.1307668358,Production:,85523654.05660965,868634.8450301506,1736601.7157754668,21849322.127298202,509255.09436035535,182490.0,9339350.948638238,122295.54898978154,6156655.196405928,20030.263016281668,0.0,0.0,established:,0.0,0.0,0.0,0.0,0.0,2.0,2.0,12.0,339.0,1.0,0.0,0.0,decommissioned:,0.0,0.0,0.0,0.0,1.0,0.0,0.0,0.0,0.0,0.0,0.0,0.0
6,GNN-0-0,pca,20,4,RM,0.8,0.0,False,True,0,0,14.588260650634766,25595350162.022736,14157948543.63847,11774760000.000002,300000000.0,1337809900.0,357665000.1690804,149704671.74400008,2469389424.9941235,0.0,235993895.45634001,2015076.269082025,0.0,0,13500000.000000022,0,67.72706397999909,39.83944939999947,6,8298892.800000067,11437401618.384266,2469389424.9941235,7913812193.39014,0.0,1054200000.0,0.0,0.0,5.762558430433273e-09,0,0.0,28362386.56514599,30556803.155926365,Production:,26744199.67123391,761732.7326025731,1682721.6366830433,18536160.0,19615392.0,0.0,0.0,30785536.302151803,5866839.068479674,0.0,0.0,0.0,established:,0.0,0.0,0.0,0.0,0.0,0.0,0.0,11.000000000000002,333.0,0.0,0.0,0.0,decommissioned:,0.0,0.0,0.0,0.0,1.0,0.0,0.0,0.0,0.0,0.0,0.0,0.0
88,GNN-0-0,pca,2,4,RM,0.8,0.0,False,True,0,0,28.885616540908813,31403146850.168488,20606962693.904438,14132160000.0,300000000.0,1396829000.0,291032408.550528,149704671.74400002,1930052954.4631343,0.0,4169209714.8232207,168026898.78667855,0.0,0,7280732.280657999,0,7624.569427430474,1687.5219219399983,88,5748860.64000011,10796184156.264051,2569581427.4898033,7172402728.774249,0.0,1054200000.0,0.0,0.0,6219267.719341923,0,0.0,2323505.5656192703,2423048.2505185553,Production:,3637152.0,754467.4887043749,1564040.2544594766,17891424.0,19615392.0,3144625.7101055994,8031168.0,33638400.0,6163860.0121476585,18635.178148363775,0.0,0.0,established:,0.0,0.0,0.0,0.0,0.0,2.0,2.0,12.0,339.0,1.0,0.0,0.0,decommissioned:,0.0,0.0,0.0,0.0,1.0,0.0,0.0,0.0,0.0,0.0,0.0,0.0
88,GNN-0-0,pca,365,4,RM,0.8,0.0,False,True,0,0,1601.5030035972595,27463094588.72323,1614941479.679512,21496041794.361614,0.0,0.0,443016009.38370395,1885053.63491399,0.0,0.0,1161862777.7905827,8177638.87040914,0.0,0,736887.4607135608,0,382.1570108722549,72.96998133958421,5,374654675.82613796,4352111314.682102,2568808123.7107105,729103190.9713966,0.0,1054200000.0,0.0,0.0,12763112.539286435,0,0.0,36455159.548569776,953986.691224122,Production:,84239462.88433781,869007.0602110771,1779498.9232895987,22188221.785074405,246993.40080109957,111474.79443966273,9983952.0,133238.3646961064,6783423.465179462,20030.263016281668,0.0,0.0,established:,0.0,0.0,0.0,0.0,0.0,2.0,2.0,12.0,339.0,1.0,0.0,0.0,decommissioned:,0.0,0.0,0.0,0.0,1.0,0.0,0.0,0.0,0.0,0.0,0.0,0.0
6,GNN-0.5-0.5,pca,20,4,RM,0.8,0.0,False,True,0,0,15.344503164291382,25595350162.022736,14157948543.63847,11774760000.000002,300000000.0,1337809900.0,357665000.1690804,149704671.74400008,2469389424.9941235,0.0,235993895.45634001,2015076.269082025,0.0,0,13500000.000000022,0,67.72706397999909,39.83944939999947,6,8298892.800000067,11437401618.384266,2469389424.9941235,7913812193.39014,0.0,1054200000.0,0.0,0.0,5.762558430433273e-09,0,0.0,28362386.56514599,30556803.155926365,Production:,26744199.67123391,761732.7326025731,1682721.6366830433,18536160.0,19615392.0,0.0,0.0,30785536.302151803,5866839.068479674,0.0,0.0,0.0,established:,0.0,0.0,0.0,0.0,0.0,0.0,0.0,11.000000000000002,333.0,0.0,0.0,0.0,decommissioned:,0.0,0.0,0.0,0.0,1.0,0.0,0.0,0.0,0.0,0.0,0.0,0.0
88,GNN-0.5-0.5,pca,2,4,RM,0.8,0.0,False,True,0,0,29.845080137252808,34162560448.131737,24579241991.35222,6369560000.0,300000000.0,1164579000.0,140545440.0,149704671.74399993,954959927.9039999,0.0,16454852879.608227,0.0,0.0,0,6414618.764159995,0,0.0,0.0,0,5748860.64000011,9583318456.779518,1683551017.249804,6845567439.529713,0.0,1054200000.0,0.0,0.0,7085381.2358399425,0,0.0,2220076.243681048,1200150.7200000007,Production:,3637152.0,754467.4887043749,1564040.2544594766,17891424.0,19615392.0,3321792.0,8031168.0,8409600.0,6163355.656222531,107078.29761310098,0.0,0.0,established:,0.0,0.0,0.0,0.0,0.0,2.0,2.0,3.0,339.0,6.0,0.0,0.0,decommissioned:,0.0,0.0,0.0,0.0,1.0,0.0,0.0,0.0,0.0,0.0,0.0,0.0
88,GNN-0.5-0.5,pca,365,4,RM,0.8,0.0,False,True,0,0,1532.924234867096,19423319188.946312,1586670445.8423164,13478729094.473156,0.0,0.0,442583768.9700178,1892081.1762026465,0.0,0.0,1134044277.5867581,8150318.109546356,0.0,0,4411829.533017386,0,381.09103309921534,72.55195084035299,5,373999583.06784594,4357919648.630839,2566553837.930834,737165810.7000139,0.0,1054200000.0,0.0,0.0,9088170.46698261,0,0.0,36858290.53500065,943487.259328706,Production:,84224298.68531439,868214.191004068,1779853.916231409,22182625.995733853,247914.20023619634,108585.42858203582,10038960.0,57600.0,6783312.329825194,118417.15567850218,0.0,0.0,established:,0.0,0.0,0.0,0.0,0.0,2.0,2.0,3.0,339.0,6.0,0.0,0.0,decommissioned:,0.0,0.0,0.0,0.0,1.0,0.0,0.0,0.0,0.0,0.0,0.0,0.0
6,GNN-0-0.5,pca,20,4,RM,0.8,0.0,False,True,0,0,14.717166423797607,25595350162.022736,14157948543.63847,11774760000.000002,300000000.0,1337809900.0,357665000.1690804,149704671.74400008,2469389424.9941235,0.0,235993895.45634001,2015076.269082025,0.0,0,13500000.000000022,0,67.72706397999909,39.83944939999947,6,8298892.800000067,11437401618.384266,2469389424.9941235,7913812193.39014,0.0,1054200000.0,0.0,0.0,5.762558430433273e-09,0,0.0,28362386.56514599,30556803.155926365,Production:,26744199.67123391,761732.7326025731,1682721.6366830433,18536160.0,19615392.0,0.0,0.0,30785536.302151803,5866839.068479674,0.0,0.0,0.0,established:,0.0,0.0,0.0,0.0,0.0,0.0,0.0,11.000000000000002,333.0,0.0,0.0,0.0,decommissioned:,0.0,0.0,0.0,0.0,1.0,0.0,0.0,0.0,0.0,0.0,0.0,0.0
88,GNN-0-0.5,pca,2,4,RM,0.8,0.0,False,True,0,0,29.980353832244873,34623602118.77571,25178873309.356186,5502560000.0,300000000.0,1138579000.0,123726240.0,149704671.74399993,845573457.504,0.0,17964303397.61219,0.0,0.0,0,6308242.930559998,0,0.0,0.0,0,5748860.64000011,9444728809.419521,1585103193.8898027,6805425615.529719,0.0,1054200000.0,0.0,0.0,7191757.069439928,0,0.0,2192725.5896047167,1062678.7200000004,Production:,3637152.0,754467.4887043749,1564040.2544594766,17891424.0,19615392.0,3321792.0,8031168.0,5606400.0,5947677.88025294,107055.03757475577,0.0,0.0,established:,0.0,0.0,0.0,0.0,0.0,2.0,2.0,2.0,339.0,6.0,0.0,0.0,decommissioned:,0.0,0.0,0.0,0.0,1.0,0.0,0.0,0.0,0.0,0.0,0.0,0.0
88,GNN-0-0.5,pca,365,4,RM,0.8,0.0,False,True,0,0,1661.5040764808655,18654117664.797874,1647886681.3190017,12647628332.398937,0.0,0.0,449308529.44448334,3833073.2997777127,0.0,0.0,1186594760.4654016,8150318.109546357,0.0,0,5030080.377967987,0,381.09103309921534,72.551950840353,5,383350933.6041936,4358602651.079935,2565880432.2075944,738522218.8723495,0.0,1054200000.0,0.0,0.0,8469919.622032009,0,0.0,36926110.94361743,887746.9847832342,Production:,85785044.12758453,868200.3739655409,1740683.5376190871,21850438.772654,502237.0675809397,213318.97881011988,9040919.888651503,38400.0,6156308.507342251,110143.23530086108,0.0,0.0,established:,0.0,0.0,0.0,0.0,0.0,2.0,2.0,2.0,339.0,6.0,0.0,0.0,decommissioned:,0.0,0.0,0.0,0.0,1.0,0.0,0.0,0.0,0.0,0.0,0.0,0.0
6,GNN-0.5-0,pca,20,4,RM,0.8,0.0,False,True,0,0,14.706790924072266,25595350162.022736,14157948543.63847,11774760000.000002,300000000.0,1337809900.0,357665000.1690804,149704671.74400008,2469389424.9941235,0.0,235993895.45634001,2015076.269082025,0.0,0,13500000.000000022,0,67.72706397999909,39.83944939999947,6,8298892.800000067,11437401618.384266,2469389424.9941235,7913812193.39014,0.0,1054200000.0,0.0,0.0,5.762558430433273e-09,0,0.0,28362386.56514599,30556803.155926365,Production:,26744199.67123391,761732.7326025731,1682721.6366830433,18536160.0,19615392.0,0.0,0.0,30785536.302151803,5866839.068479674,0.0,0.0,0.0,established:,0.0,0.0,0.0,0.0,0.0,0.0,0.0,11.000000000000002,333.0,0.0,0.0,0.0,decommissioned:,0.0,0.0,0.0,0.0,1.0,0.0,0.0,0.0,0.0,0.0,0.0,0.0
88,GNN-0.5-0,pca,2,4,RM,0.8,0.0,False,True,0,0,28.766278743743896,31492436125.68142,20696251969.417362,14140240000.0,300000000.0,1397179000.0,291032408.550528,149704671.74400002,1930052954.4631343,0.0,4250068990.336151,168026898.78667867,0.0,0,7280732.280657998,0,7624.569427430475,1687.5219219399985,88,5748860.64000011,10796184156.26406,2569581427.489801,7172402728.774259,0.0,1054200000.0,0.0,0.0,6219267.7193418965,0,0.0,2372290.6507874,2423048.2505185553,Production:,3637152.0,754467.4887043749,1564040.2544594766,17891424.0,19615392.0,3144625.7101055994,8031168.0,33638400.00000001,5977051.510268604,36822.197243287,0.0,0.0,established:,0.0,0.0,0.0,0.0,0.0,2.0,2.0,12.0,339.0,2.0,0.0,0.0,decommissioned:,0.0,0.0,0.0,0.0,1.0,0.0,0.0,0.0,0.0,0.0,0.0,0.0
88,GNN-0.5-0,pca,365,4,RM,0.8,0.0,False,True,0,0,1705.9532034397125,27463551738.101345,1610955054.3685703,21500485369.050674,0.0,0.0,443248723.9268396,2076269.5150055347,0.0,0.0,1157454934.7082646,8175126.218648528,0.0,0,736887.4607135608,0,381.8243619013838,73.12548637143189,5,375018995.0061337,4352111314.682102,2568808123.7107105,729103190.9713966,0.0,1054200000.0,0.0,0.0,12763112.539286435,0,0.0,36455159.548569776,953986.6912241221,Production:,84312190.71385075,869597.0185305235,1779806.8121227673,22190820.496024054,272047.8924273499,75268.07690246394,9983952.0,133238.3646961064,6707066.04150649,40045.129847791075,0.0,0.0,established:,0.0,0.0,0.0,0.0,0.0,2.0,2.0,12.0,339.0,2.0,0.0,0.0,decommissioned:,0.0,0.0,0.0,0.0,1.0,0.0,0.0,0.0,0.0,0.0,0.0,0.0
6,GNN,pca,40,4,RM,0.8,0.0,False,True,0,0,67.59256958961487,23368165054.07917,13454607797.692093,11311080000.0,300000000.0,1327459900.0,357663005.33063704,149704671.74399996,2469376888.84754,0.0,0.0,8700220.617443448,0.0,0,13499999.999999903,0,292.41592858722413,172.0093697571907,6,16597785.600000795,9913557256.38708,2469376888.8475447,6389980367.539532,0.0,1054200000.0,0.0,0.0,0.0,0,0.0,44659404.944784105,63352818.68662177,Production:,26744229.04812235,771884.7345128927,1616148.097465669,18536160.0,19615392.0,0.0,0.0,30785179.3483376,4597014.768666801,0.0,0.0,0.0,established:,0.0,0.0,0.0,0.0,0.0,0.0,0.0,11.0,264.0,0.0,0.0,0.0,decommissioned:,0.0,0.0,0.0,0.0,1.0,0.0,0.0,0.0,0.0,0.0,0.0,0.0
88,GNN,pca,2,4,RM,0.8,0.0,False,True,0,0,82.29764246940613,32253594896.78797,21866775674.576786,11107880000.0,300000000.0,1310229000.0,240739520.691144,149704671.74399993,1603638635.4505324,0.0,8718705002.231905,39517479.90972916,0.0,0,6978575.401129948,0,1683.54339683999,487.52192193999593,88,5748860.64000011,10386819222.211187,2274237957.409808,7058381264.801379,0.0,1054200000.0,0.0,0.0,6521424.598870026,0,0.0,2339144.87637668,2013300.587196534,Production:,3637152.0,754467.4887043749,1564040.2544594766,17891424.0,19615392.0,3177568.138228799,8031168.0,25228800.0,5026697.944948909,107010.91378087243,0.0,0.0,established:,0.0,0.0,0.0,0.0,0.0,2.0,2.0,9.0,270.0,6.0,0.0,0.0,decommissioned:,0.0,0.0,0.0,0.0,1.0,0.0,0.0,0.0,0.0,0.0,0.0,0.0
88,GNN,pca,365,4,RM,0.8,0.0,False,True,0,0,1599.9384064674377,24315545077.786808,1596608260.483767,18366827038.893402,0.0,0.0,449713650.5165544,2079229.1625630031,0.0,0.0,1136665062.6951473,8150318.109546358,0.0,0,736728.3483028896,0,381.0910330992154,72.551950840353,5,380795533.6930912,4352109778.409637,2568806936.5220747,729102841.8875644,0.0,1054200000.0,0.0,0.0,12763271.651697107,0,0.0,36455142.09437818,953751.404255782,Production:,85553353.88056894,868202.0841616105,1772308.2498285107,22170461.330658935,272435.68691863294,126974.54390184834,9983952.0,133205.503387679,5406266.19930716,118294.85945903875,0.0,0.0,established:,0.0,0.0,0.0,0.0,0.0,2.0,2.0,9.0,270.0,6.0,0.0,0.0,decommissioned:,0.0,0.0,0.0,0.0,1.0,0.0,0.0,0.0,0.0,0.0,0.0,0.0
6,GNN-0-0,pca,40,4,RM,0.8,0.0,False,True,0,0,66.03804564476013,23368165054.07917,13454607797.692093,11311080000.0,300000000.0,1327459900.0,357663005.33063704,149704671.74399996,2469376888.84754,0.0,0.0,8700220.617443448,0.0,0,13499999.999999903,0,292.41592858722413,172.0093697571907,6,16597785.600000795,9913557256.38708,2469376888.8475447,6389980367.539532,0.0,1054200000.0,0.0,0.0,0.0,0,0.0,44659404.944784105,63352818.68662177,Production:,26744229.04812235,771884.7345128927,1616148.097465669,18536160.0,19615392.0,0.0,0.0,30785179.3483376,4597014.768666801,0.0,0.0,0.0,established:,0.0,0.0,0.0,0.0,0.0,0.0,0.0,11.0,264.0,0.0,0.0,0.0,decommissioned:,0.0,0.0,0.0,0.0,1.0,0.0,0.0,0.0,0.0,0.0,0.0,0.0
88,GNN-0-0,pca,2,4,RM,0.8,0.0,False,True,0,0,80.72937488555908,32915434375.961494,22783270540.256535,9373880000.0,300000000.0,1258229000.0,207680439.318042,149704671.74400002,1391003459.6387916,0.0,11493776429.194496,0.0,0.0,0,6825512.090696502,0,0.0,0.0,0,5748860.64000011,10132163835.70496,2077342310.6898165,7000621525.015142,0.0,1054200000.0,0.0,0.0,6674487.909303556,0,0.0,2274057.218556976,1747741.5489522815,Production:,3637152.0,754467.4887043749,1564040.2544594766,17891424.0,19615392.0,3293431.863608401,8031168.0,19622400.0,4900564.337516452,107582.6535382281,0.0,0.0,established:,0.0,0.0,0.0,0.0,0.0,2.0,2.0,7.0,270.0,6.0,0.0,0.0,decommissioned:,0.0,0.0,0.0,0.0,1.0,0.0,0.0,0.0,0.0,0.0,0.0,0.0
88,GNN-0-0,pca,365,4,RM,0.8,0.0,False,True,0,0,1971.6902205944061,22570159865.891846,1616721645.9198186,16601134432.945923,0.0,0.0,449396667.924541,2048772.6506289032,0.0,0.0,1157125887.235202,8150318.109546358,0.0,0,867071.9137180671,0,381.09103309921534,72.551950840353,5,378550952.2194458,4352303787.026103,2568714978.562375,729388808.4637275,0.0,1054200000.0,0.0,0.0,12632928.08628193,0,0.0,36469440.42318634,951176.7129359157,Production:,85479194.8001226,868048.3328988431,1779877.7600474416,22182080.95544665,268445.05380357755,141908.05050990498,9987170.364149833,129987.13923784625,5407395.700013786,118530.40693207619,0.0,0.0,established:,0.0,0.0,0.0,0.0,0.0,2.0,2.0,7.0,270.0,6.0,0.0,0.0,decommissioned:,0.0,0.0,0.0,0.0,1.0,0.0,0.0,0.0,0.0,0.0,0.0,0.0
6,GNN-0.5-0.5,pca,40,4,RM,0.8,0.0,False,True,0,0,67.27988195419312,23368165054.07917,13454607797.692093,11311080000.0,300000000.0,1327459900.0,357663005.33063704,149704671.74399996,2469376888.84754,0.0,0.0,8700220.617443448,0.0,0,13499999.999999903,0,292.41592858722413,172.0093697571907,6,16597785.600000795,9913557256.38708,2469376888.8475447,6389980367.539532,0.0,1054200000.0,0.0,0.0,0.0,0,0.0,44659404.944784105,63352818.68662177,Production:,26744229.04812235,771884.7345128927,1616148.097465669,18536160.0,19615392.0,0.0,0.0,30785179.3483376,4597014.768666801,0.0,0.0,0.0,established:,0.0,0.0,0.0,0.0,0.0,0.0,0.0,11.0,264.0,0.0,0.0,0.0,decommissioned:,0.0,0.0,0.0,0.0,1.0,0.0,0.0,0.0,0.0,0.0,0.0,0.0
88,GNN-0.5-0.5,pca,2,4,RM,0.8,0.0,False,True,0,0,82.50899124145508,34400804542.405975,24817486085.626453,5905880000.0,300000000.0,1154229000.0,140545440.0,149704671.74399993,954959927.9039998,0.0,17167126973.882454,0.0,0.0,0,6414618.764159998,0,0.0,0.0,0,5748860.64000011,9583318456.779526,1683551017.2498016,6845567439.529726,0.0,1054200000.0,0.0,0.0,7085381.235839909,0,0.0,2209451.3496047193,1200150.7200000004,Production:,3637152.0,754467.4887043749,1564040.2544594766,17891424.0,19615392.0,3321792.0,8031168.0,8409600.0,4738807.467674066,107078.29761310098,0.0,0.0,established:,0.0,0.0,0.0,0.0,0.0,2.0,2.0,3.0,270.0,6.0,0.0,0.0,decommissioned:,0.0,0.0,0.0,0.0,1.0,0.0,0.0,0.0,0.0,0.0,0.0,0.0
88,GNN-0.5-0.5,pca,365,4,RM,0.8,0.0,False,True,0,0,1826.4508395195007,18072622179.901012,1148336941.3196628,12566365589.950506,0.0,0.0,474812823.9127833,3845003.0857472736,0.0,0.0,600656361.0759544,69022753.24517521,0.0,0,4411829.533017391,0,3265.156989889197,583.1699488754412,14,368391410.8617607,4357919648.630843,2566553837.930834,737165810.7000138,0.0,1054200000.0,0.0,0.0,9088170.466982605,0,0.0,36858290.53500065,943487.2593287057,Production:,89276532.25382872,868414.2354936659,1630702.4881776208,21666560.9691181,503800.1946733867,1399808.4508391162,10038960.0,57600.0,2319056.9568095007,100105.29572672844,0.0,0.0,established:,0.0,0.0,0.0,0.0,0.0,2.0,2.0,3.0,270.0,6.0,0.0,0.0,decommissioned:,0.0,0.0,0.0,0.0,1.0,0.0,0.0,0.0,0.0,0.0,0.0,0.0
6,GNN-0-0.5,pca,40,4,RM,0.8,0.0,False,True,0,0,65.81409025192261,23368165054.07917,13454607797.692093,11311080000.0,300000000.0,1327459900.0,357663005.33063704,149704671.74399996,2469376888.84754,0.0,0.0,8700220.617443448,0.0,0,13499999.999999903,0,292.41592858722413,172.0093697571907,6,16597785.600000795,9913557256.38708,2469376888.8475447,6389980367.539532,0.0,1054200000.0,0.0,0.0,0.0,0,0.0,44659404.944784105,63352818.68662177,Production:,26744229.04812235,771884.7345128927,1616148.097465669,18536160.0,19615392.0,0.0,0.0,30785179.3483376,4597014.768666801,0.0,0.0,0.0,established:,0.0,0.0,0.0,0.0,0.0,0.0,0.0,11.0,264.0,0.0,0.0,0.0,decommissioned:,0.0,0.0,0.0,0.0,1.0,0.0,0.0,0.0,0.0,0.0,0.0,0.0
88,GNN-0-0.5,pca,2,4,RM,0.8,0.0,False,True,0,0,80.01060628890991,33197275413.970783,23198188015.111267,8506880000.0,300000000.0,1232229000.0,191003040.0,149704671.74400002,1283119339.1039996,0.0,12818371303.367264,0.0,0.0,0,6733746.264959998,0,0.0,0.0,0,5748860.64000011,9999087398.859516,1978894487.3298054,6965992911.529711,0.0,1054200000.0,0.0,0.0,6766253.735039951,0,0.0,2259628.629604713,1612566.720000001,Production:,3637152.0,754467.4887043749,1564040.2544594766,17891424.0,19615392.0,3321792.0,8031168.0,16819200.0,5026742.068742792,107055.03757475577,0.0,0.0,established:,0.0,0.0,0.0,0.0,0.0,2.0,2.0,6.0,270.0,6.0,0.0,0.0,decommissioned:,0.0,0.0,0.0,0.0,1.0,0.0,0.0,0.0,0.0,0.0,0.0,0.0
88,GNN-0-0.5,pca,365,4,RM,0.8,0.0,False,True,0,0,1793.9220411777496,21671410911.90413,1612880738.447706,15705259955.952065,0.0,0.0,449363752.4234915,2098130.804861257,0.0,0.0,1153268537.1099222,8150318.109546356,0.0,0,1512962.3829273419,0,381.0910330992153,72.55195084035299,5,377262928.0945068,4353270217.504358,2568264361.060796,730805856.4435635,0.0,1054200000.0,0.0,0.0,11987037.617072655,0,0.0,36540292.82217813,939347.0015456387,Production:,84313726.65556213,868367.399420093,1779766.529722588,22184244.16392456,274912.31719880213,1310035.9008943588,10001957.503387678,115200.0,5406311.307373395,118305.8184953714,0.0,0.0,established:,0.0,0.0,0.0,0.0,0.0,2.0,2.0,6.0,270.0,6.0,0.0,0.0,decommissioned:,0.0,0.0,0.0,0.0,1.0,0.0,0.0,0.0,0.0,0.0,0.0,0.0
6,GNN-0.5-0,pca,40,4,RM,0.8,0.0,False,True,0,0,64.34929037094116,23368165054.07917,13454607797.692093,11311080000.0,300000000.0,1327459900.0,357663005.33063704,149704671.74399996,2469376888.84754,0.0,0.0,8700220.617443448,0.0,0,13499999.999999903,0,292.41592858722413,172.0093697571907,6,16597785.600000795,9913557256.38708,2469376888.8475447,6389980367.539532,0.0,1054200000.0,0.0,0.0,0.0,0,0.0,44659404.944784105,63352818.68662177,Production:,26744229.04812235,771884.7345128927,1616148.097465669,18536160.0,19615392.0,0.0,0.0,30785179.3483376,4597014.768666801,0.0,0.0,0.0,established:,0.0,0.0,0.0,0.0,0.0,0.0,0.0,11.0,264.0,0.0,0.0,0.0,decommissioned:,0.0,0.0,0.0,0.0,1.0,0.0,0.0,0.0,0.0,0.0,0.0,0.0
88,GNN-0.5-0,pca,2,4,RM,0.8,0.0,False,True,0,0,78.62055516242981,32996559552.48801,22864395716.78302,9373880000.0,300000000.0,1258229000.0,207680439.318042,149704671.74399993,1391003459.638792,0.0,11574901605.720984,0.0,0.0,0,6825512.090696499,0,0.0,0.0,0,5748860.64000011,10132163835.70499,2077342310.689805,7000621525.015184,0.0,1054200000.0,0.0,0.0,6674487.909303443,0,0.0,2284682.112633328,1747741.5489522815,Production:,3637152.0,754467.4887043749,1564040.2544594766,17891424.0,19615392.0,3293431.863608401,8031168.0,19622400.0,4738841.600426946,107055.03757475577,0.0,0.0,established:,0.0,0.0,0.0,0.0,0.0,2.0,2.0,7.0,270.0,6.0,0.0,0.0,decommissioned:,0.0,0.0,0.0,0.0,1.0,0.0,0.0,0.0,0.0,0.0,0.0,0.0
88,GNN-0.5-0,pca,365,4,RM,0.8,0.0,False,True,0,0,1676.8363199234009,22451901354.209923,1557592390.07886,16542005177.104961,0.0,0.0,474848339.6419468,3833073.2997777127,0.0,0.0,1063558463.5252589,15352513.612152932,0.0,0,867071.9137180677,0,736.3542391672946,121.36672645627783,5,358322913.3817025,4352303787.026101,2568714978.5623803,729388808.4637275,0.0,1054200000.0,0.0,0.0,12632928.08628193,0,0.0,36469440.42318633,951176.7129359156,Production:,90420890.6267063,798625.8335817229,1779609.5023041826,21318294.516058307,502237.06758093956,197029.7618908514,9987170.364149833,129987.13923784628,1382241.2201754905,99413.72442729234,0.0,0.0,established:,0.0,0.0,0.0,0.0,0.0,2.0,2.0,7.0,270.0,6.0,0.0,0.0,decommissioned:,0.0,0.0,0.0,0.0,1.0,0.0,0.0,0.0,0.0,0.0,0.0,0.0
6,GNN,NG=1_CF=1,5,4,RM,0.8,0.0,False,True,0,0,2.8596882820129395,27155087627.176346,15457456438.03888,13005000000.0,300000000.0000001,1391727000.0,487467502.34762037,187130839.67999995,3223471783.4485297,0.0,0.0,86131096.01126525,0.0,0,13500000.000000034,0,3863.392137835616,902.2174298407708,6,1925801.4000000013,11697631189.137468,3223471783.448528,7419959405.68894,0.0,1054200000.0,0.0,0.0,2.3865140974521637e-09,0,0.0,4595504.305701001,7991848.393857131,Production:,24977102.155318,686322.4355093741,1567651.4448272442,22968720.0,24519240.0,0.0,0.0,52257251.928505085,0.0,0.0,0.0,0.0,established:,0.0,0.0,0.0,0.0,0.0,0.0,0.0,15.0,0.0,0.0,0.0,0.0,decommissioned:,0.0,0.0,0.0,0.0,1.0000000000000004,0.0,0.0,0.0,0.0,0.0,0.0,0.0
88,GNN,NG=1_CF=1,2,4,RM,0.8,0.0,False,True,0,0,19.213271141052246,37378972162.7107,23946306820.268887,11067800000.0,300000000.0,1322629000.0,343701085.2728189,187130839.6799999,2285734735.888462,0.0,10594867107.623018,130178787.6930349,0.0,0,9064236.64742908,0,5633.689781621995,1533.4584067899975,88,5748860.64000011,13432665342.441814,2741865118.3697977,9636600224.072021,0.0,1054200000.0,0.0,0.0,4435763.3525707815,0,0.0,2202762.905570817,2298460.530350919,Production:,4546440.0,1073654.0791890647,2122461.276876642,22364280.0,24519240.0,4117697.0545637896,10038960.0,38544000.0,145852.23033476569,145852.23033476569,0.0,0.0,established:,0.0,0.0,0.0,0.0,0.0,2.0,2.0,11.0,6.0,6.0,0.0,0.0,decommissioned:,0.0,0.0,0.0,0.0,1.0,0.0,0.0,0.0,0.0,0.0,0.0,0.0
88,GNN,NG=1_CF=1,365,4,RM,0.8,0.0,False,True,0,0,2209.6570978164673,24409679669.48562,1656299180.2458084,18400054334.74281,0.0,0.0,475026174.1200816,4004793.157718751,0.0,0.0,1169093086.7494936,8175126.2186485315,0.0,0,920220.4057103985,0,381.82436190138395,73.1254863714319,5,368769649.43281823,4353326154.497001,2568351342.6767516,730774811.8202524,0.0,1054200000.0,0.0,0.0,12579779.594289597,0,0.0,36538740.591012575,953754.6999128024,Production:,90426752.09935941,868845.8717299167,1772123.1695425427,22173059.759624176,524737.0489673428,215159.9486487174,9983952.0,133205.9636749724,118839.66175219326,118839.7495061878,0.0,0.0,established:,0.0,0.0,0.0,0.0,0.0,2.0,2.0,11.0,6.0,6.0,0.0,0.0,decommissioned:,0.0,0.0,0.0,0.0,1.0,0.0,0.0,0.0,0.0,0.0,0.0,0.0
6,GNN,NG=0_CF=0,5,4,RM,0.8,0.0,False,True,0,0,2.644618511199951,26078112713.427254,15237065415.956144,12640680000.0,300000000.0,1303827000.0,254173922.02992845,187130839.68000004,1757386884.7698104,0.0,9634309.715557102,541619344.5306612,0.0,0,13500000.000000002,0,22621.6119939603,7056.1477757657085,6,1925801.4000000013,10841047297.471107,1757386884.7698116,8029460412.701301,0.0,1054200000.0,0.0,0.0,-4.86072041094303e-10,0,0.0,4802685.430059,5153996.975782741,Production:,28412688.405985694,1111990.978823138,2622806.3944689846,22968720.0,24519240.0,0.0,0.0,10512000.0,39642510.16547956,0.0,0.0,0.0,established:,0.0,0.0,0.0,0.0,0.0,0.0,0.0,3.0,1494.0,0.0,0.0,0.0,decommissioned:,0.0,0.0,0.0,0.0,1.0,0.0,0.0,0.0,0.0,0.0,0.0,0.0
88,GNN,NG=0_CF=0,2,4,RM,0.8,0.0,False,True,0,0,22.49492359161377,31253814679.368416,23622208692.004726,13666280000.0,300000000.0,1339729000.0,217729800.0,187130839.68,1467166085.88,0.0,7469362759.131995,441976293.19293296,0.0,0,8284213.039200001,0,19248.837562419892,5105.773038610404,88,5748860.64000011,7631605987.363689,2003506443.1698153,4573899544.193874,0.0,1054200000.0,0.0,0.0,5215786.9608000405,0,0.0,958256.4351474897,1475094.7200000011,Production:,4546440.0,950298.9912502154,2051926.7117197542,22364280.0,24519240.0,4152240.0,10038960.0,17520000.0,27977240.09576649,0.0,0.0,0.0,established:,0.0,0.0,0.0,0.0,0.0,2.0,2.0,5.0,1174.0,0.0,0.0,0.0,decommissioned:,0.0,0.0,0.0,0.0,1.0,0.0,0.0,0.0,0.0,0.0,0.0,0.0
88,GNN,NG=0_CF=0,365,4,RM,0.8,0.0,False,True,0,0,2101.5010266304016,26991457512.704468,1654870057.7175229,20998733256.352234,0.0,0.0,439662212.56782943,3930084.010868926,0.0,0.0,1203102634.9201796,8175126.218648532,0.0,0,1998148.4451549926,0,381.824361901384,73.1254863714319,5,385738037.7868982,4337854198.634711,2572756845.6298075,710897353.0049105,0.0,1054200000.0,0.0,0.0,11501851.554845003,0,0.0,35544867.650245495,768230.9248435765,Production:,84003285.73124555,869429.1617145757,1492358.9285081332,21311516.288018536,514948.11463167315,114708.0,8763644.265205419,85843.1919874391,9116250.331313508,0.0,0.0,0.0,established:,0.0,0.0,0.0,0.0,0.0,2.0,2.0,5.0,1174.0,0.0,0.0,0.0,decommissioned:,0.0,0.0,0.0,0.0,1.0,0.0,0.0,0.0,0.0,0.0,0.0,0.0
6,GNN-0.5-0.5,NG=1_CF=1,5,4,RM,0.8,0.0,False,True,0,0,2.6372687816619873,27155087627.176346,15457456438.03888,13005000000.0,300000000.0000001,1391727000.0,487467502.34762037,187130839.67999995,3223471783.4485297,0.0,0.0,86131096.01126525,0.0,0,13500000.000000034,0,3863.392137835616,902.2174298407708,6,1925801.4000000013,11697631189.137468,3223471783.448528,7419959405.68894,0.0,1054200000.0,0.0,0.0,2.3865140974521637e-09,0,0.0,4595504.305701001,7991848.393857131,Production:,24977102.155318,686322.4355093741,1567651.4448272442,22968720.0,24519240.0,0.0,0.0,52257251.928505085,0.0,0.0,0.0,0.0,established:,0.0,0.0,0.0,0.0,0.0,0.0,0.0,15.0,0.0,0.0,0.0,0.0,decommissioned:,0.0,0.0,0.0,0.0,1.0000000000000004,0.0,0.0,0.0,0.0,0.0,0.0,0.0
88,GNN-0.5-0.5,NG=1_CF=1,2,4,RM,0.8,0.0,False,True,0,0,21.35794448852539,42991608225.48373,31111361267.249126,3387200000.0,300000000.0,1093069000.0,154657800.0,187130839.6799999,1056966821.8799996,0.0,25989303627.569126,0.0,0.0,0,7885303.6632,0,0.0,0.0,0,5748860.64000011,11880246958.234602,1634327105.569802,9191719852.6648,0.0,1054200000.0,0.0,0.0,5614696.336799912,0,0.0,2067048.3843063242,1062678.7200000007,Production:,4546440.0,1073654.0791890647,2122461.276876642,22364280.0,24519240.0,4152240.0,10038960.0,7008000.0,150253.17541570953,150253.17541570953,279263.69858207984,0.0,established:,0.0,0.0,0.0,0.0,0.0,2.0,2.0,2.0,6.0,6.0,6.0,0.0,decommissioned:,0.0,0.0,0.0,0.0,1.0,0.0,0.0,0.0,0.0,0.0,0.0,0.0
88,GNN-0.5-0.5,NG=1_CF=1,365,4,RM,0.8,0.0,False,True,0,0,2030.7400906085968,16501860664.732365,1650105854.7259057,10491064832.366182,0.0,0.0,473497509.05312306,3801983.533993717,0.0,0.0,1163945396.04554,8860966.09341735,0.0,0,6982345.995297314,0,416.38668425277183,77.16893664690225,5,379489643.20306695,4360689977.640277,2565725669.9156246,740764307.7246552,0.0,1054200000.0,0.0,0.0,6517654.004702683,0,0.0,37038215.38623272,971454.67657803,Production:,90223014.5095785,869194.0500433884,1779227.0899506442,22187549.378924098,498163.4609530564,215557.91665602123,10038960.0,38400.0,119165.33254091718,119165.33254091718,267923.4727501813,0.0,established:,0.0,0.0,0.0,0.0,0.0,2.0,2.0,2.0,6.0,6.0,6.0,0.0,decommissioned:,0.0,0.0,0.0,0.0,1.0,0.0,0.0,0.0,0.0,0.0,0.0,0.0
6,GNN-0.5-0.5,NG=0_CF=0,5,4,RM,0.8,0.0,False,True,0,0,2.6899378299713135,26078112713.427254,15237065415.956144,12640680000.0,300000000.0,1303827000.0,254173922.02992845,187130839.68000004,1757386884.7698104,0.0,9634309.715557102,541619344.5306612,0.0,0,13500000.000000002,0,22621.6119939603,7056.1477757657085,6,1925801.4000000013,10841047297.471107,1757386884.7698116,8029460412.701301,0.0,1054200000.0,0.0,0.0,-4.86072041094303e-10,0,0.0,4802685.430059,5153996.975782741,Production:,28412688.405985694,1111990.978823138,2622806.3944689846,22968720.0,24519240.0,0.0,0.0,10512000.0,39642510.16547956,0.0,0.0,0.0,established:,0.0,0.0,0.0,0.0,0.0,0.0,0.0,3.0,1494.0,0.0,0.0,0.0,decommissioned:,0.0,0.0,0.0,0.0,1.0,0.0,0.0,0.0,0.0,0.0,0.0,0.0
88,GNN-0.5-0.5,NG=0_CF=0,2,4,RM,0.8,0.0,False,True,0,0,22.277905464172363,32712750235.37293,25600855425.60924,13264080000.0,300000000.0,1310979000.0,154657800.0,187130839.67999998,1056966821.8800001,0.0,10005860137.988607,378147647.9406223,0.0,0,7885303.6632,0,16688.046717844092,4187.323535932876,88,5748860.64000011,7111894809.763688,1634327105.5698152,4423367704.193872,0.0,1054200000.0,0.0,0.0,5614696.33680005,0,0.0,1078307.2733759575,1062678.7200000004,Production:,4546440.0,950298.9912502154,2051926.7117197542,22364280.0,24519240.0,4152240.0,10038960.0,7008000.0,33223326.299660623,23830.69854835305,0.0,0.0,established:,0.0,0.0,0.0,0.0,0.0,2.0,2.0,2.0,1500.0,1.0,0.0,0.0,decommissioned:,0.0,0.0,0.0,0.0,1.0,0.0,0.0,0.0,0.0,0.0,0.0,0.0
88,GNN-0.5-0.5,NG=0_CF=0,365,4,RM,0.8,0.0,False,True,0,0,1878.9227797985077,26616689820.94339,1676587696.6532774,20595874410.471695,0.0,0.0,473789139.5997175,3901294.639061599,0.0,0.0,1190719623.5441685,8177638.8704091385,0.0,0,7091602.365178733,0,382.15701087225494,72.9699813395842,5,380135313.5988574,4344227713.818416,2571931641.4014177,718096072.4169998,0.0,1054200000.0,0.0,0.0,6408397.634821263,0,0.0,35904803.620849945,976753.275560564,Production:,90250672.48894955,854766.7980172769,1568789.9001725607,21660805.837886956,511175.9223089103,241021.06206409202,10038960.0,38400.0,1112962.330473997,19353.704622961995,0.0,0.0,established:,0.0,0.0,0.0,0.0,0.0,2.0,2.0,2.0,1500.0,1.0,0.0,0.0,decommissioned:,0.0,0.0,0.0,0.0,1.0,0.0,0.0,0.0,0.0,0.0,0.0,0.0
6,GNN,NG=1_CF=1,10,4,RM,0.8,0.0,False,True,0,0,7.7114434242248535,30913487813.371452,16306948168.556713,13872000000.0,300000000.0000001,1417727000.0,496733342.6959865,187130839.6799999,3270875746.307498,0.0,0.0,33356986.1807532,0.0,0,13187902.979282707,0,1439.0951646819944,396.6369220099986,6,3851602.8000000305,14606539644.814737,3302968741.8340774,10249370902.980661,0.0,1054200000.0,0.0,0.0,312097.0207172594,0,0.0,12487386.288519701,16435864.394155122,Production:,24113957.772680324,757305.9724874083,1703322.8258208844,22968720.0,24519240.0,0.0,0.0,54520845.638764136,0.0,0.0,0.0,0.0,established:,0.0,0.0,0.0,0.0,0.0,0.0,0.0,16.0,0.0,0.0,0.0,0.0,decommissioned:,0.0,0.0,0.0,0.0,1.0000000000000004,0.0,0.0,0.0,0.0,0.0,0.0,0.0
88,GNN,NG=1_CF=1,2,4,RM,0.8,0.0,False,True,0,0,30.006638050079346,41001792348.16465,28601834212.33005,5988200000.0,300000000.0,1171069000.0,217729800.0,187130839.6799999,1467166085.8799996,0.0,20737704572.650078,0.0,0.0,0,8284213.039199999,0,0.0,0.0,0,5748860.64000011,12399958135.834597,2003506443.169804,9342251692.664795,0.0,1054200000.0,0.0,0.0,5215786.960799932,0,0.0,2212752.0926692206,1475094.720000001,Production:,4546440.0,1073654.0791890647,2122461.276876642,22364280.0,24519240.0,4152240.0,10038960.0,17520000.0,145852.23033476569,145852.23033476569,279263.69858207984,0.0,established:,0.0,0.0,0.0,0.0,0.0,2.0,2.0,5.0,6.0,6.0,6.0,0.0,decommissioned:,0.0,0.0,0.0,0.0,1.0,0.0,0.0,0.0,0.0,0.0,0.0,0.0
88,GNN,NG=1_CF=1,365,4,RM,0.8,0.0,False,True,0,0,2203.2163598537445,19115007515.622078,1622331412.6986985,13137138257.811039,0.0,0.0,473930344.6547685,3834152.1016878574,0.0,0.0,1136391789.7237604,8175126.218648531,0.0,0,2911045.0830560033,0,381.8243619013839,73.1254863714319,5,362304713.4437795,4355537845.11234,2567282445.5400186,734055399.5723253,0.0,1054200000.0,0.0,0.0,10588954.916943993,0,0.0,36702769.97861623,921656.172520028,Production:,90270946.21573597,868650.0629200231,1786212.9060454364,22161382.16214491,502378.42003247776,190654.93885254292,10020791.020836482,96000.0,118836.6045268017,118835.4884949929,268590.6841707039,0.0,established:,0.0,0.0,0.0,0.0,0.0,2.0,2.0,5.0,6.0,6.0,6.0,0.0,decommissioned:,0.0,0.0,0.0,0.0,1.0,0.0,0.0,0.0,0.0,0.0,0.0,0.0
6,GNN,NG=0_CF=0,10,4,RM,0.8,0.0,False,True,0,0,8.950120210647583,30089993200.075882,15500487314.440977,13125480000.0,300000000.0000001,1367827000.0,410693010.779505,187130839.67999998,2740998487.190338,0.0,0.0,109356463.98147184,0.0,0,13500000.000000026,0,4723.808537034,1295.4231072436662,6,3851602.8000000305,14589505885.634903,2740998487.190343,10794307398.444557,0.0,1054200000.0,0.0,0.0,-9.389623301103711e-09,0,0.0,12145915.833983002,16551672.821527595,Production:,26107717.868250284,1110034.9340420375,2510726.3030197606,22968720.0,24519240.0,0.0,0.0,38519323.57304228,13457979.656099178,0.0,0.0,0.0,established:,0.0,0.0,0.0,0.0,0.0,0.0,0.0,11.0,534.0,0.0,0.0,0.0,decommissioned:,0.0,0.0,0.0,0.0,1.0000000000000004,0.0,0.0,0.0,0.0,0.0,0.0,0.0
88,GNN,NG=0_CF=0,2,4,RM,0.8,0.0,False,True,0,0,31.016649961471558,32266406425.68267,24288326319.91898,11188280000.0,300000000.0,1298729000.0,259777800.0,187130839.67999998,1740632261.8800006,0.0,10993599116.094215,60809564.14489408,0.0,0,8550152.6232,0,1724.7381193529413,1466.0274014499987,88,5748860.64000011,7978080105.763692,2249626001.569816,4674254104.193875,0.0,1054200000.0,0.0,0.0,4949847.376800039,0,0.0,959550.3616858572,1750038.7200000014,Production:,4546440.0,950298.9912502154,2051926.7117197542,22364280.0,24519240.0,4152240.0,10038960.0,24528000.0,12233092.729957728,136282.82496668413,0.0,0.0,established:,0.0,0.0,0.0,0.0,0.0,2.0,2.0,7.0,540.0,6.0,0.0,0.0,decommissioned:,0.0,0.0,0.0,0.0,1.0,0.0,0.0,0.0,0.0,0.0,0.0,0.0
88,GNN,NG=0_CF=0,365,4,RM,0.8,0.0,False,True,0,0,2232.13632440567,24249855294.017464,1543466040.483489,18368432147.00873,0.0,0.0,474913866.51102406,4006658.021963091,0.0,0.0,1049806714.6994494,14738801.251226883,0.0,0,1130637.4303241654,0,712.6147166141346,111.80630307855678,5,365171709.39430183,4337957106.525244,2574085830.8503237,709671275.6749256,0.0,1054200000.0,0.0,0.0,12369362.569675831,0,0.0,35483563.78374625,950777.5575228186,Production:,90259936.82402556,797797.0934372848,1779021.6077885868,21249319.866939165,524981.3970077425,362019.4752564042,9987112.35595971,129982.91810322204,1452276.59619968,98204.05924558734,0.0,0.0,established:,0.0,0.0,0.0,0.0,0.0,2.0,2.0,7.0,540.0,6.0,0.0,0.0,decommissioned:,0.0,0.0,0.0,0.0,1.0,0.0,0.0,0.0,0.0,0.0,0.0,0.0
6,GNN-0.5-0.5,NG=1_CF=1,10,4,RM,0.8,0.0,False,True,0,0,7.922282934188843,30913487813.371452,16306948168.556713,13872000000.0,300000000.0000001,1417727000.0,496733342.6959865,187130839.6799999,3270875746.307498,0.0,0.0,33356986.1807532,0.0,0,13187902.979282707,0,1439.0951646819944,396.6369220099986,6,3851602.8000000305,14606539644.814737,3302968741.8340774,10249370902.980661,0.0,1054200000.0,0.0,0.0,312097.0207172594,0,0.0,12487386.288519701,16435864.394155122,Production:,24113957.772680324,757305.9724874083,1703322.8258208844,22968720.0,24519240.0,0.0,0.0,54520845.638764136,0.0,0.0,0.0,0.0,established:,0.0,0.0,0.0,0.0,0.0,0.0,0.0,16.0,0.0,0.0,0.0,0.0,decommissioned:,0.0,0.0,0.0,0.0,1.0000000000000004,0.0,0.0,0.0,0.0,0.0,0.0,0.0
88,GNN-0.5-0.5,NG=1_CF=1,2,4,RM,0.8,0.0,False,True,0,0,30.541008234024048,40997391403.0837,28597433267.249107,5988200000.0,300000000.0,1171069000.0,217729800.0,187130839.6799999,1467166085.8799987,0.0,20733303627.569134,0.0,0.0,0,8284213.0392,0,0.0,0.0,0,5748860.64000011,12399958135.834597,2003506443.1698043,9342251692.664795,0.0,1054200000.0,0.0,0.0,5215786.960799932,0,0.0,2212752.0926692206,1475094.720000001,Production:,4546440.0,1073654.0791890647,2122461.276876642,22364280.0,24519240.0,4152240.0,10038960.0,17520000.0,150253.17541570953,150253.17541570953,279263.69858207984,0.0,established:,0.0,0.0,0.0,0.0,0.0,2.0,2.0,5.0,6.0,6.0,6.0,0.0,decommissioned:,0.0,0.0,0.0,0.0,1.0,0.0,0.0,0.0,0.0,0.0,0.0,0.0
88,GNN-0.5-0.5,NG=1_CF=1,365,4,RM,0.8,0.0,False,True,0,0,1939.162270784378,19158003545.25581,1643831342.6891472,13158636272.627905,0.0,0.0,473703022.31105304,3807065.2267900747,0.0,0.0,1158146128.9327219,8175126.218648532,0.0,0,2910073.2319254023,0,381.824361901384,73.12548637143192,5,369860527.0851483,4355535929.938758,2567282131.8348927,734053798.1038727,0.0,1054200000.0,0.0,0.0,10589926.768074594,0,0.0,36702689.90519359,921518.5385230713,Production:,90201449.59767838,869499.5399334849,1778262.9925007238,22190796.239736013,498829.3012041517,216115.39193583306,10020769.380270923,96000.0,119165.33254091718,119165.33254091718,252093.7381001709,0.0,established:,0.0,0.0,0.0,0.0,0.0,2.0,2.0,5.0,6.0,6.0,6.0,0.0,decommissioned:,0.0,0.0,0.0,0.0,1.0,0.0,0.0,0.0,0.0,0.0,0.0,0.0
6,GNN-0.5-0.5,NG=0_CF=0,10,4,RM,0.8,0.0,False,True,0,0,8.990440130233765,30089993200.075882,15500487314.440977,13125480000.0,300000000.0000001,1367827000.0,410693010.779505,187130839.67999998,2740998487.190338,0.0,0.0,109356463.98147184,0.0,0,13500000.000000026,0,4723.808537034,1295.4231072436662,6,3851602.8000000305,14589505885.634903,2740998487.190343,10794307398.444557,0.0,1054200000.0,0.0,0.0,-9.389623301103711e-09,0,0.0,12145915.833983002,16551672.821527595,Production:,26107717.868250284,1110034.9340420375,2510726.3030197606,22968720.0,24519240.0,0.0,0.0,38519323.57304228,13457979.656099178,0.0,0.0,0.0,established:,0.0,0.0,0.0,0.0,0.0,0.0,0.0,11.0,534.0,0.0,0.0,0.0,decommissioned:,0.0,0.0,0.0,0.0,1.0000000000000004,0.0,0.0,0.0,0.0,0.0,0.0,0.0
88,GNN-0.5-0.5,NG=0_CF=0,2,4,RM,0.8,0.0,False,True,0,0,31.276079177856445,34530276619.63601,27245144750.672314,7720280000.0,300000000.0,1194729000.0,175681800.0,187130839.67999998,1193699909.88,0.0,17540146913.771095,127176197.22119209,0.0,0,8018273.455200002,0,3607.0910605294157,3066.0274014499946,88,5748860.64000011,7285131868.963696,1757386884.7698123,4473544984.193883,0.0,1054200000.0,0.0,0.0,5481726.544800023,0,0.0,1103907.926437188,1200150.7200000007,Production:,4546440.0,950298.9912502154,2051926.7117197542,22364280.0,24519240.0,4152240.0,10038960.0,10512000.0,12884530.359422226,135224.94783858102,0.0,0.0,established:,0.0,0.0,0.0,0.0,0.0,2.0,2.0,3.0,540.0,6.0,0.0,0.0,decommissioned:,0.0,0.0,0.0,0.0,1.0,0.0,0.0,0.0,0.0,0.0,0.0,0.0
88,GNN-0.5-0.5,NG=0_CF=0,365,4,RM,0.8,0.0,False,True,0,0,2095.492344856262,20855779173.012566,1630076918.6604698,14885394086.506283,0.0,0.0,443931067.64648026,3986121.6565407896,0.0,0.0,1174009411.2480915,8150318.10954636,0.0,0,4119220.4406444016,0,381.09103309921545,72.55195084035302,5,380229251.47560364,4340308167.845814,2572213045.078358,713895122.7674565,0.0,1054200000.0,0.0,0.0,9380779.559355594,0,0.0,35694756.13837279,818339.4952743154,Production:,84731961.12805085,868279.6896550367,1715047.3577461066,21572306.330626313,522290.5734461199,158976.65352954966,9046300.85341042,56532.64747178483,7556762.020344393,102708.96663136,0.0,0.0,established:,0.0,0.0,0.0,0.0,0.0,2.0,2.0,3.0,540.0,6.0,0.0,0.0,decommissioned:,0.0,0.0,0.0,0.0,1.0,0.0,0.0,0.0,0.0,0.0,0.0,0.0
6,GNN,NG=1_CF=1,20,4,RM,0.8,0.0,False,True,0,0,26.130155086517334,30393814513.96608,16043355151.879013,13609680000.0,300000000.0000001,1398577000.0,468856386.05608076,187130839.67999977,3106514100.7492275,0.0,0.0,79110926.14317116,0.0,0,13500000.00000005,0,3477.4387303014946,887.4301540099987,6,7703205.6000002315,14350459362.087067,3106514100.7492304,10189745261.337841,0.0,1054200000.0,0.0,0.0,-7.916241884231567e-09,0,0.0,24757150.02512899,31850921.396585874,Production:,25251177.829212334,839240.7996755713,1865481.3998601804,22968720.0,24519240.0,0.0,0.0,48927002.818336524,4316066.586922814,0.0,0.0,0.0,established:,0.0,0.0,0.0,0.0,0.0,0.0,0.0,14.0,219.0,0.0,0.0,0.0,decommissioned:,0.0,0.0,0.0,0.0,1.0000000000000004,0.0,0.0,0.0,0.0,0.0,0.0,0.0
88,GNN,NG=1_CF=1,2,4,RM,0.8,0.0,False,True,0,0,49.18222665786743,36096602815.96835,22663937473.52656,12539480000.0,300000000.0,1355479000.0,343701085.2728189,187130839.6799999,2285734735.888462,0.0,7807967760.880681,130178787.69303478,0.0,0,9064236.647429077,0,5633.689781621994,1533.4584067899975,88,5748860.64000011,13432665342.441795,2741865118.3698072,9636600224.07199,0.0,1054200000.0,0.0,0.0,4435763.3525708625,0,0.0,2318859.7989329756,2298460.530350919,Production:,4546440.0,1073654.0791890647,2122461.276876642,22364280.0,24519240.0,4117697.0545637896,10038960.0,38544000.0,5719650.9238194395,145852.23033476569,0.0,0.0,established:,0.0,0.0,0.0,0.0,0.0,2.0,2.0,11.0,225.0,6.0,0.0,0.0,decommissioned:,0.0,0.0,0.0,0.0,1.0,0.0,0.0,0.0,0.0,0.0,0.0,0.0
88,GNN,NG=1_CF=1,365,4,RM,0.8,0.0,False,True,0,0,2177.1358625888824,25839765319.227486,1619077005.1167393,19867362159.613743,0.0,0.0,453940385.59213865,2214090.2877032757,0.0,0.0,1154747403.0184238,8175126.2186485315,0.0,0,920220.4057103985,0,381.82436190138395,73.12548637143192,5,380814119.8715443,4353326154.497003,2568351342.6767516,730774811.8202523,0.0,1054200000.0,0.0,0.0,12579779.594289597,0,0.0,36538740.59101257,953754.6999128024,Production:,86300384.41876866,868324.9348393003,1786006.526121781,22161439.161712978,290106.16977244266,218222.27532125646,9983952.0,133205.9636749724,4505467.350071875,118838.8679880185,0.0,0.0,established:,0.0,0.0,0.0,0.0,0.0,2.0,2.0,11.0,225.0,6.0,0.0,0.0,decommissioned:,0.0,0.0,0.0,0.0,1.0,0.0,0.0,0.0,0.0,0.0,0.0,0.0
6,GNN,NG=0_CF=0,20,4,RM,0.8,0.0,False,True,0,0,21.369579553604126,29343946763.783127,15925265435.534588,13260240000.002098,300000000.0000001,1390777000.000063,469294481.17942894,187130839.6800002,3109267218.2745857,0.0,191241984.67432308,126581129.99869579,0.0,0,13500000.000000086,0,5186.878072408318,1731.741849762797,6,7703205.6000002315,13418681328.24854,3109267218.2745852,9255214109.97396,0.0,1054200000.0,0.0,0.0,-9.313225746154785e-10,0,0.0,26567793.32222901,34387008.358047426,Production:,25244726.243274186,854147.9863767389,1856315.9227980473,22968720.0,24519240.0,0.0,0.0,49005394.99384332,3284625.6182610006,0.0,0.0,0.0,established:,0.0,0.0,0.0,0.0,0.0,0.0,0.0,14.00000000000242,167.0,0.0,0.0,0.0,decommissioned:,0.0,0.0,0.0,0.0,1.0000000000000004,0.0,0.0,0.0,0.0,0.0,0.0,0.0
88,GNN,NG=0_CF=0,2,4,RM,0.8,0.0,False,True,0,0,43.309415340423584,31395093089.626144,22578216770.045887,13057040000.0,300000000.0,1373679000.0,364184946.5809357,187130839.67999998,2416834176.9850144,0.0,7076427976.997412,219754006.78772113,0.0,0,9142420.515413893,0,9758.203972094494,2383.5978527099946,88,5748860.64000011,8816876319.580256,2864924897.569815,4897751422.010441,0.0,1054200000.0,0.0,0.0,4357579.484586143,0,0.0,1052913.5778599167,2432269.678392617,Production:,4530427.316187149,950298.9912502154,2051926.7117197542,22364280.0,24519240.0,4025682.0,10038960.0,42048000.0,3671525.9089015885,136282.82496668413,0.0,0.0,established:,0.0,0.0,0.0,0.0,0.0,2.0,2.0,12.0,173.0,6.0,0.0,0.0,decommissioned:,0.0,0.0,0.0,0.0,1.0,0.0,0.0,0.0,0.0,0.0,0.0,0.0
88,GNN,NG=0_CF=0,365,4,RM,0.8,0.0,False,True,0,0,1975.906033039093,26365842096.605545,1629800946.1231132,20398280548.302773,0.0,0.0,459141635.05918425,2491413.856626262,0.0,0.0,1160017579.0979397,8150318.10954636,0.0,0,926120.4699016613,0,381.0910330992154,72.55195084035303,5,373908173.4550272,4337760602.179661,2574178375.9859357,709382226.1937263,0.0,1054200000.0,0.0,0.0,12573879.530098336,0,0.0,35469111.30968629,953305.8422905856,Production:,87393853.99115251,868562.69208181,1779426.119818004,22187012.463692155,326443.1153860415,150543.04564363352,9983952.0,133143.27406293093,3421489.352135864,117304.24342823566,0.0,0.0,established:,0.0,0.0,0.0,0.0,0.0,2.0,2.0,12.0,173.0,6.0,0.0,0.0,decommissioned:,0.0,0.0,0.0,0.0,1.0,0.0,0.0,0.0,0.0,0.0,0.0,0.0
6,GNN-0.5-0.5,NG=1_CF=1,20,4,RM,0.8,0.0,False,True,0,0,26.123802661895752,30393814513.96608,16043355151.879013,13609680000.0,300000000.0000001,1398577000.0,468856386.05608076,187130839.67999977,3106514100.7492275,0.0,0.0,79110926.14317116,0.0,0,13500000.00000005,0,3477.4387303014946,887.4301540099987,6,7703205.6000002315,14350459362.087067,3106514100.7492304,10189745261.337841,0.0,1054200000.0,0.0,0.0,-7.916241884231567e-09,0,0.0,24757150.02512899,31850921.396585874,Production:,25251177.829212334,839240.7996755713,1865481.3998601804,22968720.0,24519240.0,0.0,0.0,48927002.818336524,4316066.586922814,0.0,0.0,0.0,established:,0.0,0.0,0.0,0.0,0.0,0.0,0.0,14.0,219.0,0.0,0.0,0.0,decommissioned:,0.0,0.0,0.0,0.0,1.0000000000000004,0.0,0.0,0.0,0.0,0.0,0.0,0.0
88,GNN-0.5-0.5,NG=1_CF=1,2,4,RM,0.8,0.0,False,True,0,0,47.25803518295288,41754481642.53874,29874234684.304142,4858880000.0,300000000.0,1125919000.0,154657800.0,187130839.6799999,1056966821.8799996,0.0,23247647044.62415,0.0,0.0,0,7885303.663199999,0,0.0,0.0,0,5748860.64000011,11880246958.2346,1634327105.5698023,9191719852.664799,0.0,1054200000.0,0.0,0.0,5614696.336799916,0,0.0,2160614.691025295,1062678.7200000007,Production:,4546440.0,1073654.0791890647,2122461.276876642,22364280.0,24519240.0,4152240.0,10038960.0,7008000.0,5633566.341305677,150253.17541570953,279263.69858207984,0.0,established:,0.0,0.0,0.0,0.0,0.0,2.0,2.0,2.0,225.0,6.0,6.0,0.0,decommissioned:,0.0,0.0,0.0,0.0,1.0,0.0,0.0,0.0,0.0,0.0,0.0,0.0
88,GNN-0.5-0.5,NG=1_CF=1,365,4,RM,0.8,0.0,False,True,0,0,2041.726565361023,17929691723.462112,1612244130.076434,11957245361.731056,0.0,0.0,452015574.50191516,3941062.244848613,0.0,0.0,1147426527.2361877,8860966.09341735,0.0,0,6735394.984139167,0,416.3866842527719,77.16893664690224,5,365144157.1205743,4360202231.654622,2565644863.0601645,740357368.5944613,0.0,1054200000.0,0.0,0.0,6764605.0158608295,0,0.0,37017868.42972303,936280.7741118587,Production:,86097522.78215277,869234.216093965,1776380.0190162614,22171499.48872322,516386.5624801646,43884.958371375986,10022681.337164633,38400.0,4464780.084880623,119165.33254091718,268590.6841707039,0.0,established:,0.0,0.0,0.0,0.0,0.0,2.0,2.0,2.0,225.0,6.0,6.0,0.0,decommissioned:,0.0,0.0,0.0,0.0,1.0,0.0,0.0,0.0,0.0,0.0,0.0,0.0
6,GNN-0.5-0.5,NG=0_CF=0,20,4,RM,0.8,0.0,False,True,0,0,20.865397453308105,29343946763.783127,15925265435.534588,13260240000.002098,300000000.0000001,1390777000.000063,469294481.17942894,187130839.6800002,3109267218.2745857,0.0,191241984.67432308,126581129.99869579,0.0,0,13500000.000000086,0,5186.878072408318,1731.741849762797,6,7703205.6000002315,13418681328.24854,3109267218.2745852,9255214109.97396,0.0,1054200000.0,0.0,0.0,-9.313225746154785e-10,0,0.0,26567793.32222901,34387008.358047426,Production:,25244726.243274186,854147.9863767389,1856315.9227980473,22968720.0,24519240.0,0.0,0.0,49005394.99384332,3284625.6182610006,0.0,0.0,0.0,established:,0.0,0.0,0.0,0.0,0.0,0.0,0.0,14.00000000000242,167.0,0.0,0.0,0.0,decommissioned:,0.0,0.0,0.0,0.0,1.0000000000000004,0.0,0.0,0.0,0.0,0.0,0.0,0.0
88,GNN-0.5-0.5,NG=0_CF=0,2,4,RM,0.8,0.0,False,True,0,0,43.22267746925354,36436419529.11529,29151287660.151596,5254040000.0,300000000.0,1139679000.0,175681800.0,187130839.67999998,1193699909.88,0.0,21967579823.25037,127176197.22119209,0.0,0,8018273.455200002,0,3607.0910605294157,3066.0274014499946,88,5748860.64000011,7285131868.963694,1757386884.7698128,4473544984.193881,0.0,1054200000.0,0.0,0.0,5481726.544800028,0,0.0,1104406.3039882071,1200150.7200000007,Production:,4546440.0,950298.9912502154,2051926.7117197542,22364280.0,24519240.0,4152240.0,10038960.0,10512000.0,4029664.540463664,135224.94783858102,0.0,0.0,established:,0.0,0.0,0.0,0.0,0.0,2.0,2.0,3.0,173.0,6.0,0.0,0.0,decommissioned:,0.0,0.0,0.0,0.0,1.0,0.0,0.0,0.0,0.0,0.0,0.0,0.0
88,GNN-0.5-0.5,NG=0_CF=0,365,4,RM,0.8,0.0,False,True,0,0,2021.7172870635986,18391186054.919518,1657098839.5442924,12392452527.459759,0.0,0.0,458516831.11852974,3845128.5317257307,0.0,0.0,1186586561.7847114,8150318.109546359,0.0,0,4993699.560885775,0,381.0910330992154,72.55195084035303,5,376481872.97040135,4341634687.915466,2572303639.601773,715131048.3136954,0.0,1054200000.0,0.0,0.0,8506300.43911422,0,0.0,35756552.41568474,896758.6209197739,Production:,87094413.78643574,868628.2832594849,1780315.1991134752,22187154.901356652,503816.6315154263,331020.9781819966,10018212.016177807,57600.0,3351017.8011901723,117604.95881631767,0.0,0.0,established:,0.0,0.0,0.0,0.0,0.0,2.0,2.0,3.0,173.0,6.0,0.0,0.0,decommissioned:,0.0,0.0,0.0,0.0,1.0,0.0,0.0,0.0,0.0,0.0,0.0,0.0
