,0,1,2,3,4,5,6,7,8,9,10,11,12,13,14,15,16,17,
0,104854.9781,99579.29185,28705.6012,115878.1612,61613.27734,96851.08955,60025.21099,88672.66006,25544.69685,131053.5879,117010.4369,675890.015,138376.7904,23085.37946,166688.8548,135976.0847,64489.45108,44051.85572,2.18E+06
1,137513.4107,130450.9018,34948.78295,151093.6835,80055.82034,107180.1223,66913.69742,100180.04,26586.6178,137633.4241,122825.9776,713003.3704,145303.4332,27396.82133,196788.9494,121096.6435,67468.90836,46014.16934,2.41E+06
2,126221.0984,119776.4195,32790.07684,138917.2058,73678.93885,98534.49123,61147.88045,90548.10602,22990.43286,114923.1524,102753.668,584906.8102,121396.1601,20639.1716,149610.789,108883.397,80325.47019,54481.68671,2.10E+06
3,134868.8296,127951.0122,34443.22898,148242.037,78562.399,99918.10252,62070.61812,92089.56117,26238.14217,135432.7653,120880.9412,700590.6247,142986.7832,23370.01553,168676.0259,117682.7148,82044.42791,55613.81709,2.35E+06
4,167719.0163,159003.8848,40723.06758,183664.3273,97113.22744,112286.6757,70319.28484,105869.1545,32171.7751,172904.2575,153999.8488,911947.376,182433.3036,31141.87266,222934.8195,159879.5103,75681.37493,51423.01847,2.93E+06
5,194964.8796,184759.0604,45931.55014,213043.4869,112499.2385,119834.64,75353.06203,114278.1987,30809.74377,164302.8919,146397.594,863431.6488,173378.5816,32930.03217,235418.7569,169030.9056,66462.10536,45351.07434,2.99E+06
6,180780.0026,171350.2727,43219.88403,197747.9626,104488.8968,106761.5897,66634.57578,99713.76066,26456.41655,136811.19,122099.2519,708365.5853,144437.8612,29052.0688,208344.9687,136859.2147,62875.86613,42989.12536,2.59E+06
7,190152.4395,180209.9206,45011.57525,207854.2425,109781.6055,121082.0212,76184.94711,115667.8824,28271.45595,148273.3475,132229.997,773017.5173,156504.1602,34012.91176,242978.8212,158222.2009,76987.30603,52283.12357,2.85E+06
8,168433.4185,159679.2003,40859.63699,184434.6657,97516.65749,116790.4025,73322.84397,110886.6712,32474.43795,174815.604,155689.1786,922728.2649,184445.3924,33104.73703,236638.4493,129141.432,63308.3647,43273.97518,2.93E+06
9,151379.7992,143558.6263,37599.5649,166045.7824,87886.30841,113043.8084,70824.22064,106712.6617,32656.7978,175967.2249,156707.0304,929223.9455,185657.7123,30229.44299,216564.7419,127046.8745,55805.90631,38332.74768,2.83E+06
10,159284.4602,151030.8039,39110.66727,174569.3623,92350.14936,125819.2462,79344.22749,120945.5352,32503.56614,174999.5515,155851.7593,923765.8148,184639.0353,34670.04124,247566.5347,121054.0793,66746.39168,45538.30942,2.93E+06
11,157435.6348,149283.1322,38757.23473,172575.7776,91306.09921,125101.3086,78865.43111,120145.6945,31678.35067,169788.2323,151245.7725,894371.5359,179153.0406,32776.49258,234346.8287,145350.6234,62813.9606,42948.35349,2.88E+06
12,126433.9518,119977.6271,32830.76716,139146.7252,73799.13926,104920.7729,65406.9254,97662.94158,29073.71614,153339.7018,136707.8576,801594.1262,161837.5493,27649.18856,198550.8373,185008.5262,68660.65928,46799.07372,2.57E+06
13,118852.407,112810.8872,31381.43362,130971.5607,69517.76523,88801.80053,54657.09768,79705.0995,30001.77343,159200.4774,141887.8618,834651.6436,168007.2317,23811.91728,171761.1387,228863.8678,67804.35069,46235.09651,2.56E+06
14,169827.7233,160997.2193,41126.18065,185938.1418,98304.03532,104166.0177,64903.57513,96822.08302,32794.74128,176838.3519,157476.9698,934137.5097,186574.7543,31016.38049,222058.7028,214280.622,51687.58979,35620.36493,2.96E+06
15,190138.9337,180197.1537,45008.99338,207839.6791,109773.9786,107794.7332,67323.58469,100864.7664,29570.31633,156475.7822,139479.6596,819283.0873,165138.9246,32731.18155,234030.4922,163550.5566,82414.3832,55857.475,2.89E+06
16,187825.6567,178010.4417,44566.77349,205345.2772,108467.648,127338.3083,80357.29803,122637.8935,32172.30673,172907.6148,154002.8161,911966.3126,182436.8378,38153.34169,271885.0054,269939.2775,107856.3577,72613.92699,3.27E+06
17,236559.1117,224077.5703,53882.95288,257894.4638,135987.9167,146748.3002,93301.92399,144262.1981,34881.99659,190019.5804,169127.1033,1008485.807,200450.7322,50238.82193,356259.1218,238997.3098,88040.30176,59562.78624,3.69E+06
18,212046.0026,200905.6334,49196.88001,231462.0276,122145.1192,146172.5606,92917.9602,143620.7775,33045.00338,178418.7824,158873.8218,943051.8771,188238.4853,46079.16747,327218.7226,222581.0099,81540.56723,55281.96717,3.43E+06
19,197750.0973,187391.892,46463.98906,216046.7816,114072.0788,127279.8206,80318.29224,122572.7334,31551.03956,168984.2498,150535.1783,889836.6982,178306.6821,39033.60093,278030.4869,223918.2274,96286.90417,64994.11773,3.21E+06
20,248167.469,235050.806,56102.07605,270411.7321,142543.272,144600.5205,91869.55838,141869.3974,29785.01705,157831.639,140678.0238,826930.754,166566.2452,52759.33114,373855.9184,235872.8069,77526.21536,52638.05704,3.45E+06
21,256877.7463,243284.5227,57767.18488,279804.0067,147462.0526,143032.5814,90823.89153,140122.5861,35579.85271,194426.6124,173022.2267,1033343.529,205090.0478,54133.99383,383453.0504,262916.2552,72825.40945,49542.03835,3.82E+06
22,238198.4078,225627.1765,54196.33055,259662.1135,136913.6436,152587.4945,97196.11346,150767.534,38085.61601,210250.7611,187008.2862,1122599.133,221748.2476,53916.32959,381933.4395,227459.5026,79124.73038,53690.86212,3.89E+06
23,216644.2947,205252.3416,50075.91709,236420.3566,124741.8207,140652.4798,89236.58923,137470.96,33146.04633,179056.8789,159437.7988,946651.0398,188910.2142,45203.6556,321106.3846,210169.6728,109827.7146,73912.29111,3.47E+06
24,190237.2618,180290.1021,45027.79038,207945.7062,109829.5055,120291.1843,75657.53379,114786.826,30650.39801,163296.6073,145508.1966,857755.7328,172319.2583,41269.09868,293637.4916,213153.7409,101188.0574,68222.08808,3.13E+06
25,199480.742,189027.8489,46794.82947,217912.9323,115049.3911,145243.4972,92298.36293,142585.7256,27072.48487,140701.7238,125537.8721,730310.0165,148533.4553,45062.16646,320118.5859,201554.8318,122300.5259,82127.06483,3.09E+06
26,233810.6446,221479.4786,53357.53945,254930.7973,134435.8299,156133.6409,99561.05719,154718.2285,24923.08417,127128.0409,113540.8705,653748.0929,134244.3377,49071.16414,348107.1831,232009.3635,120415.3779,80885.47912,3.19E+06
27,234105.8477,221758.5304,53413.97223,255249.1142,134602.534,141491.1457,89795.89989,138405.3017,28059.96324,146937.7496,131049.5385,765484.1203,155098.1664,46151.45133,327723.3685,246873.874,90949.59729,61478.89031,3.27E+06
28,214561.4962,203283.4981,49677.75684,234174.4792,123565.6436,136096.1144,86197.92506,132394.7995,28437.57466,149322.404,133157.1979,778934.6866,157608.5098,40592.06907,288910.8466,206019.0214,81117.73111,55003.48119,3.10E+06
29,158050.4449,149864.3047,38874.76553,173238.7262,91653.28865,123250.2838,77630.97291,118083.5028,27345.99752,142428.9839,127064.4984,740052.5714,150351.7549,30480.96975,218320.7621,161740.4903,82509.88991,55920.37709,2.67E+06
30,192280.0018,182221.0787,45418.2928,210148.3885,110983.0612,123921.2865,78078.46811,118831.0541,28980.61118,152751.7345,136188.187,798277.7156,161218.5917,35689.24682,254682.0624,160127.1501,65370.68963,44632.25217,2.90E+06
31,200970.8927,190401.8808,46430.12847,219308.7651,115710.8472,127712.2314,80606.66926,123054.4741,31423.53239,168350.9823,149968.7667,886624.5089,177637.6747,41430.68582,295378.8863,162291.3139,39262.56124,27437.06161,3.08E+06
32,191708.3465,181646.1112,44659.44462,209320.9801,110480.1949,115853.1717,72697.7998,109842.5201,32109.44963,172682.619,153797.2526,911056.9675,182197.6212,36359.53367,259974.9161,147069.2515,70439.26064,47970.48626,3.05E+06
33,209039.4387,198028.977,47972.56011,228009.0621,120267.2358,128523.5336,81147.73104,123958.3306,28695.68128,151124.3266,134743.1115,789458.1093,159503.0453,42956.5185,306031.4033,130821.8842,94504.59997,63820.26643,3.04E+06
34,212261.9,201075.1295,48588.58512,231483.8356,122086.9918,138532.4762,87822.7476,135109.104,27123.87724,141198.225,125969.9984,733470.2515,149053.7639,47503.06931,337772.8981,152982.6728,82563.83686,55955.90734,3.03E+06
35,187177.6408,177363.2915,43793.32777,204435.5293,107921.6602,128408.2527,81070.84955,123829.8983,28492.42345,149840.7328,133608.6165,782218.0398,158151.7965,43310.42332,308502.1704,168643.4646,112499.2882,75671.82809,3.01E+06
36,171109.0488,162173.8514,40721.55939,187108.7988,98847.56583,142007.2233,90140.0748,138980.2541,32081.13619,172503.8168,153639.2195,910048.4389,182009.3947,41416.83533,295282.1899,184277.7929,112887.0569,75927.21817,3.19E+06
37,173347.8579,164290.1698,41149.54357,189522.9022,100111.8437,148406.4071,94407.72424,146109.4636,31453.31997,168539.0938,150135.0278,887685.5462,177835.7012,39779.60569,283851.9611,168507.6807,113532.1513,76352.08663,3.16E+06
38,183205.0166,173608.0193,43033.89711,200151.8566,105678.2796,118956.8664,74767.67016,113300.2877,31669.96458,169907.2264,151344.2419,895402.4544,179275.9447,29340.30575,210970.562,188783.6925,89278.74491,60378.44279,3.02E+06
39,175021.8771,165872.5993,41469.5591,191327.9937,101057.179,114779.117,71981.50706,108645.9361,29826.12143,158263.1704,141052.7271,829724.5294,167018.1597,27268.28354,196504.8528,178110.5181,90196.23101,60982.71239,2.85E+06
40,180463.5068,171016.5042,42509.81367,197195.6921,104130.1217,109723.655,68609.99281,103013.7416,26375.66931,136473.2162,121793.8335,706818.9909,144079.7117,26839.58842,193511.9414,140031.1624,68881.18618,46944.31592,2.59E+06
41,167432.9486,158698.8797,40018.81405,183144.8674,96771.63536,111704.7791,69931.21489,105220.8744,26247.09198,135661.2374,121076.1719,702239.0503,143224.9355,27926.88132,201102.817,133843.6787,93811.6066,63363.851,2.58E+06
42,194564.0522,184345.5743,45205.35845,212400.2819,112092.8405,133123.0314,84215.16033,129082.544,26427.42225,136800.0413,122082.6955,708662.437,144423.7629,36337.17248,259818.8027,115982.6797,70125.49127,47763.83323,2.76E+06
43,200724.6084,190169.0713,46383.04729,219043.1972,115571.768,137878.5678,87386.65267,134380.5971,28740.56492,151407.7713,134993.6321,791056.8701,159801.4297,46631.6883,331689.3994,140053.5438,82280.8389,55769.5208,3.05E+06
44,193121.1703,182981.636,44929.5285,210844.4252,111278.0307,132583.8549,83855.58073,128481.8577,28504.72591,149918.4241,133677.2833,782656.255,158233.5827,42690.26625,304172.5779,177577.1709,76012.64384,51641.19696,2.99E+06
45,173099.5904,164055.4856,41102.08326,189255.1958,99971.64455,118108.8199,74202.10351,112355.4952,29858.98668,158470.7178,141236.1664,830895.1938,167236.6464,36316.14872,259672.0265,170330.24,69862.76276,47590.79644,2.88E+06
46,187502.6447,177670.5136,43855.45746,204785.9804,108105.1931,114422.9481,71743.97618,108249.1352,32958.88074,178046.8624,158538.4003,941313.8102,187844.6004,39323.92672,280670.6634,142945.7654,57661.38959,39554.79578,3.08E+06
47,187094.7139,177284.9017,43777.47496,204346.1094,107874.8305,117086.0281,73519.99825,111216.0221,33181.78057,179454.4974,159782.5283,949253.5304,189326.4283,37492.55017,267885.0086,144654.7895,69046.96709,47053.50161,3.10E+06
48,152480.6349,144564.6436,37160.44012,167021.8176,88327.9145,109328.2103,68346.26861,102573.1841,28953.18877,152750.5124,136180.4041,798630.5584,161214.9433,34630.52468,247903.9348,143071.1783,48533.99804,33543.36384,2.66E+06
49,150812.5085,142987.7845,36841.55108,165223.0802,87385.90687,107807.3379,67331.99081,100878.809,26450.14458,136943.5351,122209.5214,709471.8093,144574.8199,36797.15224,263030.1262,138609.9448,54947.22326,37767.20662,2.53E+06
50,113508.0459,107724.3402,29710.20639,124997.7532,66319.70434,91283.9916,56312.484,82470.4616,24118.2892,122217.6325,109194.1388,626410.8274,129072.752,26126.46546,188533.3125,154834.8712,46747.9396,32367.03994,2.13E+06
51,102990.6784,97782.40364,27699.64337,113656.897,60380.4419,91116.15263,56200.5513,82283.47537,24467.98633,124426.0052,111145.9931,638867.083,131397.5225,23635.92549,171145.7446,159701.4115,87311.76005,59082.95815,2.16E+06
52,99966.71722,94923.89073,27121.56482,110396.1656,58672.7808,90369.87342,55702.85376,81452.05983,25825.71027,133000.1693,118724.2061,687229.3807,140423.6092,25983.67119,187536.4022,194029.2968,86913.85317,58820.89093,2.28E+06
53,135730.3761,128730.8324,33958.36023,148960.0471,78868.87607,98852.59459,61360.02526,90902.49895,24711.21944,125962.0469,112503.6125,647531.077,133014.5251,26760.85838,192962.2919,184709.0524,51443.64627,35459.7002,2.31E+06
54,132556.8635,125730.9504,33351.69255,145538.0549,77076.76183,93748.62024,57956.15784,85216.25772,25994.13005,134063.7572,119664.2506,693228.5144,141543.2562,27397.59319,197407.621,155816.365,65362.80673,44627.06037,2.36E+06
55,136895.7479,129832.4438,34181.13969,150216.6652,79526.97315,104475.0332,65109.65924,97166.35143,25305.5491,129715.2988,115820.8971,668701.1742,136965.6015,26632.55524,192066.5506,168791.6783,70043.99988,47710.16182,2.38E+06
56,138205.0519,131070.1126,34431.43409,151628.4851,80266.3502,124351.2477,78365.21152,119310.0658,26648.80642,138198.1048,123318.3638,716548.1693,145895.5148,28829.52121,207404.5478,147641.1754,68643.66359,46787.88011,2.51E+06
57,135696.2544,128698.5776,33951.83734,148923.2538,78849.60725,115691.183,72589.76869,109662.0516,25958.95715,133841.6368,119467.931,691975.6512,141309.4283,24268.80577,175564.1635,134457.4531,69394.23983,47282.22047,2.39E+06
58,131548.8829,124778.1189,33159.00094,144451.1515,76507.54514,103881.5386,64713.85454,96505.15028,24868.58615,126955.8336,113381.9637,653136.4993,134060.6918,23019.58914,166842.8263,155311.5632,63888.85465,43656.29425,2.28E+06
59,127642.0744,121113.8856,32953.45794,140414.2758,74451.37037,117506.252,74074.16526,112837.824,21848.20623,107709.8757,96378.26548,544220.5539,113802.6897,20271.67579,147045.1372,149280.0823,50936.43477,35125.64338,2.09E+06
60,122754.6655,116493.8788,32019.15156,135144.1926,71691.40178,96616.28382,60142.5353,89564.70579,21867.73111,107833.1773,96487.24471,544916.0326,113932.4902,20256.06392,146936.1438,144001.2114,54081.75189,37197.19468,2.01E+06
61,119872.6499,113769.5453,31468.20818,132036.521,70063.89879,108430.7966,68021.69622,102727.0309,25440.42687,130395.1125,116428.4481,672175.9053,137683.6083,26768.31906,192401.0953,187917.2954,57183.16503,39239.83017,2.33E+06
62,109727.6564,104179.6092,29528.8304,121097.1948,64334.91961,110151.1734,69169.02459,104643.6702,23974.07176,121134.9316,108243.9042,619944.1517,127935.3466,23693.65884,170935.5239,167080.442,45784.61276,31732.57896,2.15E+06
63,121566.5121,115370.7321,31792.01702,133863.0091,71020.43964,92576.20624,57448.18625,85063.73182,22885.39663,114259.838,102167.4024,581165.4066,120697.8841,22264.32223,160956.6889,154343.3898,71206.14254,48475.56576,2.11E+06
64,121937.8769,115721.7787,31863.00936,134263.4511,71230.1531,97024.65702,60414.88154,90019.66664,24066.09979,121716.0979,108757.5638,623222.2017,128547.1447,22715.78179,164108.529,138675.6404,86288.66496,58409.13294,2.20E+06
65,111222.4613,105592.6296,29814.58627,122709.0399,65179.05088,95462.42565,59373.0212,88279.21425,24362.50995,123587.958,110411.9938,633780.3687,130517.6659,21416.84338,155040.0618,114445.0409,102673.6242,69200.50381,2.16E+06
66,128011.5423,121463.139,33024.08764,140812.6723,74660.01258,92401.89506,57331.9372,84869.53503,21958.7657,108408.07,96995.35945,548158.6963,114537.684,17782.77607,129669.0205,131678.628,93360.06502,63066.45918,2.06E+06
67,135651.5167,128685.1117,34484.59093,149050.8412,78974.38239,106675.3647,66850.98939,100771.3374,20237.27234,97536.66523,87386.74693,486838.8862,103093.2749,16295.85755,119288.1806,200101.4505,85280.12431,57744.89349,2.07E+06
68,128665.5459,122081.3605,33149.11089,141517.883,75029.33495,101138.1434,63158.18729,94602.42394,21581.1137,106023.1593,94887.47344,534706.6844,112027.0708,20764.12415,150483.1384,179314.0047,83467.13678,56550.83372,2.12E+06
69,171947.673,162995.4166,41423.18176,188188.9137,99471.18432,84960.96961,52369.54477,76579.74082,23500.38453,118143.5488,105599.9921,603071.3528,124786.2955,27618.68471,198337.8764,172363.1385,78634.74743,53368.15227,2.38E+06
70,171044.4147,162141.5777,41250.50949,187214.9321,98961.10532,86388.03875,53321.26471,78169.61154,23422.19477,117649.7726,105163.5715,600286.2238,124266.4936,28477.56077,204334.0724,150692.0053,78336.51001,53171.72879,2.36E+06
71,145862.2223,138337.1647,36436.53064,160061.0246,84740.46983,83584.32373,51451.45237,75046.0457,22962.88283,114749.1712,102599.896,583925.4748,121213.0088,28057.68436,201402.7283,140173.1714,64747.27573,44221.66277,2.20E+06
72,135559.8297,128598.4411,34467.0635,148951.9753,78922.60582,80658.01494,49499.8816,71785.90045,25260.01511,129255.7939,115421.4696,665749.6155,136484.2392,26738.23684,192191.078,150471.3154,56305.63719,38661.87767,2.26E+06
73,128826.297,122233.3164,33179.84102,141691.2205,75120.11266,85483.04625,52717.72043,77161.37652,20361.99249,98324.28555,88082.87946,491281.4334,103922.4087,18552.04847,135039.6535,119568.3613,62878.92286,42991.13857,1.90E+06
74,130374.4414,123696.7581,33475.79358,143360.5815,75994.36526,80225.02476,49211.11816,71303.51428,19207.09039,91030.96197,81636.7281,450143.6754,96244.67234,15781.10352,115694.4536,146330.8361,51510.72492,35503.87917,1.81E+06
75,138267.1985,131157.6831,34984.62035,151871.3257,80451.48401,80240.10056,49221.17229,71320.30995,26376.65273,136307.4735,121654.0457,705524.3881,143907.595,31383.6733,224622.9374,147670.7783,31666.7632,22434.35927,2.33E+06
76,128852.3273,122257.9226,33184.81714,141719.289,75134.81227,78576.48642,48111.69925,69466.90892,27506.07472,143439.8876,127957.9784,745754.5415,151415.9408,30882.69489,221125.3841,138285.9441,33251.81871,23478.29973,2.34E+06
77,130152.3361,123486.8047,33433.33462,143121.0859,75868.94022,78259.65179,47900.40056,69113.92945,25573.91991,131238.1345,117173.5471,676930.9441,138571.064,27649.35539,198552.002,134665.2752,52329.68404,36043.25747,2.24E+06
78,117443.3426,111473.1513,31003.80723,129417.0037,68692.04468,79111.4309,48468.45655,70062.88045,24052.6031,121630.8649,108682.2312,622741.4477,128457.4193,25895.0426,186304.3637,130657.6101,49644.9307,34275.04013,2.09E+06
79,135555.9326,128594.7572,34466.31851,148947.7731,78920.40511,80140.18241,49154.53636,71208.99303,23469.22866,117946.7963,105426.0938,601961.5769,124579.1727,23608.54471,170341.3043,129200.6014,45054.94252,31252.00761,2.10E+06
80,135404.4139,128451.5285,34437.35329,148784.3909,78834.841,77690.74191,47520.99156,68480.11773,21509.10899,105568.4423,94485.57509,532141.8677,111548.3868,20459.57393,148356.9378,130446.5198,47971.89584,33173.1552,1.97E+06
81,124148.2959,117811.2603,32285.5663,136646.9414,72478.39877,73853.01994,44961.59454,64204.58431,20574.63648,99667.1539,89269.76394,498855.8393,105336.0563,18368.38006,133757.3826,128789.1614,45305.15431,31416.80071,1.84E+06
82,109678.7728,104133.4001,29519.48551,121044.4837,64307.31455,73881.61563,44980.66515,64236.44222,19365.51424,92031.42459,82520.97976,455786.7528,97297.86683,15657.23947,114829.7035,127542.1953,39385.57973,27518.08336,1.68E+06
83,107584.2649,102153.4879,29119.08683,118785.9801,63124.52505,69874.72645,42308.44962,59772.44282,19566.78899,93302.49501,83644.40617,462956.1848,98635.93218,15944.78433,116837.1822,111375.8894,48748.45304,33684.60699,1.68E+06
84,99532.20237,94541.97337,27579.80629,110103.4572,58577.44494,76392.69775,46655.31906,67033.99129,17712.93786,81595.23763,73297.03132,396921.7745,86311.61467,13576.60673,100303.8804,114877.8382,40260.94642,28094.61252,1.53E+06
85,85125.85657,80923.83397,24825.80287,94569.12349,50442.03761,91976.71221,57048.38052,84395.84687,18575.93038,87045.12265,78113.87282,427661.6764,92048.74944,14356.39328,105747.9173,109364.3424,36352.82378,25520.66648,1.56E+06
86,63817.6541,60781.45535,20752.39915,71592.53159,38409.0829,95975.89085,59715.45385,88851.2561,17461.94466,80010.19017,71896.09858,387981.3651,84643.02335,14854.79609,109227.4892,115748.6412,33845.22194,23869.12368,1.44E+06
87,78440.49294,74604.24293,23547.78868,87360.30933,46666.74601,75812.82543,46268.59916,66387.96651,15835.99502,69742.15368,62820.76871,330064.8342,73833.78444,13936.04567,102813.2836,104282.0856,25472.47691,18354.71283,1.32E+06
88,91243.03142,86706.32323,25995.19868,101165.2608,53896.46733,66733.71003,40213.6892,56273.09587,16404.444,73331.96647,65993.59881,350313.0583,77612.80725,14478.99543,106603.8575,99225.49771,27631.63145,19776.76321,1.37E+06
89,82619.63828,78554.73701,24346.69916,91866.67334,49026.75111,69407.65519,41996.95734,59252.08757,16993.26728,77050.44507,69280.14925,371287.0177,81527.27751,16142.18575,118215.3293,99887.47097,26301.83326,18900.9389,1.39E+06
90,97495.44381,92495.58954,24916.96237,107168.7467,56797.10319,63630.35323,38509.26751,54353.88926,16825.96708,82700.10081,74012.15249,417183.4269,87382.59773,15831.48459,115841.7586,90950.60585,38367.27835,26621.96229,1.50E+06
91,98556.60035,93498.68761,25119.81942,108312.9896,57396.34888,62785.36329,37945.73925,53412.50196,17192.31678,85013.63623,76056.95406,430232.8493,89818.07379,13337.59277,98430.78986,85544.95965,41059.53185,28395.11934,1.50E+06
92,86109.97842,81733.05079,22740.44856,94891.82224,50367.61719,61920.06429,37368.66679,52448.48872,18325.05704,92167.00553,82379.40783,470581.1997,97348.47922,15406.07055,112871.7539,89139.87891,33397.11272,23348.53939,1.52E+06
93,79576.12048,75556.67619,21491.39711,87846.37635,46677.88237,69227.48232,42242.02242,60589.54486,17484.36334,86857.9398,77687.02845,440635.5845,91759.58597,16184.38719,118305.5287,86375.6927,41420.13646,28632.61875,1.49E+06
94,74054.48295,70337.14095,20435.84778,81892.4057,43559.75852,73547.92215,45123.34654,65402.86511,16827.96017,82712.68735,74023.27702,417254.4209,87395.84768,19449.56586,141101.1942,132419.573,39468.68786,27347.3665,1.51E+06
95,74092.8731,70373.43069,20443.18667,81933.80172,43581.43782,74203.00146,45560.22238,66132.67656,16559.03082,81014.37131,72522.23266,407675.1236,85608.01766,20077.08199,145482.1636,115233.8545,44588.45881,30719.32162,1.50E+06
96,63654.20436,60505.88703,18447.66818,70677.80619,37686.61735,78738.9381,48585.26246,71186.07774,17257.74946,85426.85022,76422.17026,432563.5696,90253.06726,14151.16602,104110.7068,83938.92465,48984.23769,33614.4451,1.44E+06
97,73285.37841,69610.11601,20288.82114,81063.08182,43125.43751,63835.45931,38646.05383,54582.39406,16767.3548,82329.95829,73685.00471,415095.6499,86992.94593,12421.44318,92034.74186,80837.48475,55654.15372,38007.34816,1.40E+06
98,81496.7219,77372.19682,21858.55079,89917.35701,47762.46518,59192.24662,35549.4708,49409.47868,16340.31139,79633.13601,71301.43781,399884.3102,84153.98092,17774.55753,129407.2156,101306.1765,53825.0691,36802.6866,1.45E+06
99,75744.95829,71935.12625,20759.00918,83715.24186,44514.38683,52823.83614,31302.34425,42314.5531,15265.4737,72845.42724,65302.17046,361598.4563,77008.50907,19512.80297,141542.6806,111173.5466,40623.62947,28108.02773,1.36E+06
100,74664.52512,70913.80622,20552.4671,82550.21294,43904.25543,59439.86387,35714.60805,49685.34438,16136.26738,78344.57744,70162.55464,392616.2369,82797.50567,18609.1437,135233.8331,109417.0593,30889.97012,21697.29905,1.39E+06
101,82550.14689,78367.98635,22059.92982,91053.26305,48357.34478,55647.91575,33185.73784,45460.80674,18291.11425,91952.65339,82189.95424,469372.1533,97122.82911,19443.4754,141058.674,103585.6457,18025.80936,13224.77693,1.51E+06
102,69195.72794,65744.22032,19507.01904,76653.21994,40815.97106,49017.60092,28763.94591,38074.09847,17930.61466,89676.06202,80177.8054,456531.1126,94726.24433,18731.78266,136090.0302,98658.36363,19514.44645,14205.21481,1.41E+06
103,66530.07813,63224.41472,18997.43745,73778.85511,39310.65199,46668.40099,27197.25208,35456.89929,16609.6677,81334.14836,72804.8653,409478.8159,85944.64936,16255.50899,118802.0617,93462.77564,28194.74211,19922.18295,1.31E+06
104,63868.76635,60708.70981,18488.68513,70909.16795,37807.78265,50142.20515,29513.9504,39326.99876,14648.37034,68948.3571,61857.77318,339617.157,72906.03415,9715.79813,73145.42956,75003.12396,30493.49953,21436.17779,1.14E+06
105,67713.1346,64342.74328,19223.59761,75054.54252,39978.73579,46899.8347,27351.59644,35714.7352,13226.19065,59967.14847,53919.79682,288958.9375,63451.44858,8511.291289,64736.23121,77530.14996,27388.98518,19391.4998,1.05E+06
106,67738.74185,64366.94949,19228.49285,75082.15476,39993.19646,44537.33168,25776.03072,33082.7153,16154.87346,78462.07667,70266.40548,393278.9875,82921.19799,16172.39402,118221.7991,97718.07545,24872.80368,17734.30631,1.29E+06
107,84532.71788,80242.08604,22438.92998,93191.06537,49476.92242,54431.55495,32374.54041,44105.6822,17519.98307,87082.88197,77885.84196,441904.3636,91996.38428,20092.2218,145587.8614,108724.5048,21443.30388,15475.58818,1.49E+06
108,78101.13613,74162.39185,21209.43026,86255.90369,45844.94398,58675.4077,35204.78819,48833.67822,16088.24902,78041.33665,69894.53745,390905.8169,82478.28181,18531.86402,134694.3093,112492.9868,18716.67552,13679.79135,1.38E+06
109,61820.63363,58772.63544,18097.15181,68700.67056,36651.18165,50415.21606,29696.02281,39631.15505,14214.99368,66211.53964,59438.85684,324180.2258,70024.96592,12471.74842,92385.94511,80128.47835,14784.01186,11089.68225,1.11E+06
110,54015.53804,51394.57571,16605.08294,60284.45167,32243.56624,60477.16015,36406.38641,50840.97654,14113.02982,65567.62757,58869.73981,320548.2604,69347.11487,16352.95543,119482.3787,95933.30935,13681.6532,10363.65291,1.15E+06
111,54715.63647,52056.37005,16738.91796,61039.3664,32638.91881,73143.84128,44853.86287,64952.68625,14192.49768,66069.47514,59313.29416,323378.9156,69875.41356,18805.7644,136606.5297,96525.0255,12593.69295,9647.106572,1.21E+06
112,54762.33717,52100.51564,16747.84554,61089.72368,32665.29116,68404.61956,41693.25091,59672.80903,13853.20913,63926.83358,57419.53589,311293.4145,67619.83874,17920.3891,130425.3307,102091.6472,19420.19634,14143.14034,1.19E+06
113,58150.5904,55303.38925,17395.56434,64743.27032,34578.67159,59614.78098,35831.26119,49880.21622,14163.31305,65885.17123,59150.39848,322339.3553,69681.39546,16626.66865,121393.2924,89637.06315,28248.61374,19957.66359,1.18E+06
114,69548.05419,66077.26993,19574.37184,77033.13262,41014.93321,61218.42003,36900.73653,51666.80014,15459.45881,74070.46284,66384.90933,368508.2304,78298.11323,14718.45148,108071.1791,92262.61523,28296.32467,19989.08669,1.29E+06
115,58596.02401,55724.4521,17480.7161,65223.58049,34830.2124,66442.21259,40384.51135,57486.52856,14685.29376,69181.53222,62063.86332,340932.3738,73151.49935,20628.34225,149330.7569,120210.8353,22015.73664,15852.60067,1.28E+06
116,54499.49931,51852.05828,16697.59988,60806.30613,32516.864,57801.90511,34622.24471,47860.52552,12830.22308,57466.57324,51709.68147,274854.523,60819.07431,15807.15729,115671.9189,93400.13681,18814.80162,13744.41863,1.07E+06
117,59842.58847,56902.81397,17719.01683,66567.74844,35534.1598,69810.16163,42630.61433,61238.69685,12337.91981,54357.62829,48961.86293,257318.6186,57546.26468,14410.08524,105918.3372,87844.03287,26354.55788,18710.21103,1.09E+06
118,55617.02872,52908.44492,16911.2335,62011.33585,33147.94401,67185.64799,40880.31234,58314.77587,14867.47167,70332.00414,63080.69961,347421.5738,74362.60975,11234.57859,83748.71188,79935.61008,31211.76737,21909.23937,1.19E+06
119,53460.62656,50870.02479,16499.00274,59686.09173,31930.20218,54576.11634,32470.94916,44266.7353,14546.49042,68304.97512,61289.12466,335988.1816,72228.74113,10771.06263,80512.70069,74438.74277,21115.73434,15259.84616,1.10E+06
120,51403.78703,48896.89586,15564.49902,57292.37774,30618.64535,41621.7858,24470.77861,32526.38364,12302.98883,60327.3495,53996.86174,303941.1386,63745.60596,10129.59308,75421.03336,59528.32758,17662.05757,12759.75166,9.72E+05
121,57419.79525,54583.75356,16714.55522,63779.42731,34015.94526,39281.18911,22909.82233,29918.76916,11940.06593,58035.45468,51971.18707,291013.7793,61332.91113,10776.75526,79939.16058,53051.7447,19472.17436,13951.92073,9.70E+05
122,58801.67736,55890.02953,16978.72409,65269.50802,34796.30789,41010.05476,24062.81195,31844.86566,12244.50271,59958.00373,53670.41815,301857.8556,63356.7929,10597.78489,78689.68875,59247.29306,15888.17689,11591.44822,9.96E+05
123,54520.97809,51843.53778,16160.39996,60653.6386,32378.95427,45654.37363,27160.1327,37019.01341,11186.45973,53276.35526,47764.89143,264170.2315,56322.97153,11011.25845,81576.33169,80556.33392,17011.21309,12331.09608,9.61E+05
124,49292.90762,46901.50783,15160.97066,55016.22072,29426.61067,48064.66184,28767.56662,39704.2699,11873.93169,57617.81024,51602.05504,288658.0691,60893.25369,10698.4382,79392.39427,80210.06212,14740.7603,10835.74307,9.79E+05
125,49632.35055,47222.37901,15225.86061,55382.24135,29618.29748,41558.84419,24428.80251,32456.26158,10297.15097,47660.28047,42801.1643,232492.9415,50410.88754,10253.81072,76288.25194,62621.09845,18929.56431,13594.54991,8.61E+05
126,56879.68204,54073.19127,16611.30394,63197.02432,33710.93794,37675.43143,21838.93406,28129.82492,9648.566615,43564.40468,39181.05408,209390.2853,46099.12843,14597.59649,106614.1537,50534.42236,29266.74237,20402.76474,8.81E+05
127,52863.48542,50276.73058,15843.54372,58866.36758,31442.9516,42906.14997,25327.32784,33957.26945,9443.493317,42269.34606,38036.42587,202085.5486,44735.81052,13156.6174,96554.03733,61409.33214,22362.83845,15855.75387,8.57E+05
128,46763.05618,44510.07074,14677.3491,52288.28699,27997.9783,40724.43515,23872.33072,31526.66226,9900.269024,45153.93085,40585.9453,218355.9568,47772.43453,9587.062594,71633.38657,69971.78119,18658.28532,13415.88166,8.27E+05
129,49963.91585,47535.80356,15289.24462,55739.76754,29805.53572,42457.01996,25027.80067,33456.90221,10117.66494,46526.80803,41799.35288,226099.6265,49217.67262,8655.373674,65128.85155,55465.82861,15743.64667,11496.25853,8.30E+05
130,45826.96254,43625.19307,14498.39982,51278.89909,27469.35687,39896.99641,23320.50746,30604.82842,9876.603225,45004.47894,40453.85331,217512.978,47615.10538,7808.405981,59215.79313,48226.30017,18323.39077,13195.31526,7.84E+05
131,42507.85485,40487.68188,13863.8993,47699.91195,25595.02362,40074.58071,23438.93937,30802.67172,9943.924571,45429.62005,40829.61121,219910.9729,48062.65461,9037.444842,67796.26042,47695.42862,16368.15011,11907.56551,7.81E+05
132,46572.2862,44329.73825,14640.88036,52082.5801,27890.24858,44125.56002,26140.55884,35315.79111,10250.39213,47364.99372,42540.17724,230827.386,50100.03697,11224.84531,83067.47659,48926.55174,14812.25627,10882.83136,8.41E+05
133,42598.82117,40573.67121,13881.28897,47798.00074,25646.39321,44474.5998,26373.33531,35704.64972,10545.05821,49225.83977,44184.87258,241323.4286,52058.96354,9564.360286,71474.89164,58539.62231,15523.72058,11351.41202,8.41E+05
134,41746.11467,39767.61837,13718.28048,46878.52904,25164.86133,37515.25954,21732.11458,27951.38044,11563.73402,55658.88056,49870.6692,277608.7891,58831.07375,10105.2986,75251.42278,47327.39003,17082.05163,12377.75138,8.70E+05
135,45871.89336,43667.66562,14506.98907,51327.34791,27494.72975,37093.87855,21451.09337,27481.92786,11463.819,55027.90712,49312.98789,274049.8036,58166.84329,9433.461602,70561.02968,50969.54531,17910.54497,12923.40905,8.79E+05
136,43531.44368,41455.26767,14059.57468,48803.64572,26173.05445,37413.24458,21664.08026,27837.72751,10237.92536,47286.26479,42470.59325,230383.3181,50017.15844,8217.808962,62074.01755,52694.02955,17500.7752,12653.52876,7.94E+05
137,44491.72696,42363.0115,14243.14819,49839.11725,26715.33601,39003.46359,22724.60571,29609.36042,10636.96206,49806.22187,44697.83911,244597.0552,52669.93613,9610.045247,71793.83869,54728.41904,14854.32709,10910.53981,8.33E+05
138,53816.0572,51177.18483,16025.64305,59893.52381,31980.8784,36730.25604,21208.5916,27076.8229,10965.6614,51881.99147,46532.49307,256305.3671,54855.11432,9132.549695,68460.22973,61793.06909,15171.13787,11119.19596,8.84E+05
139,51561.75136,49046.21758,15594.69643,57462.71035,30707.84938,35263.19665,20230.20196,25442.3998,9992.994308,45739.50041,41103.49672,221658.8431,48388.86799,8566.142227,64505.8871,52108.73988,13083.09833,9743.982952,8.00E+05
140,54284.57767,51620.07141,16115.20823,60398.7285,32245.45659,34300.03835,19587.8666,24369.36336,9809.462288,44580.47713,40079.10237,215121.4094,47168.7555,9178.893952,68783.77961,58095.2814,14567.60013,10721.69728,8.11E+05
141,51503.19524,48990.86521,15583.50249,57399.56941,30674.78216,38112.64041,22130.51103,28616.91117,9231.185025,40928.59771,36851.41513,194523.1005,43324.39469,11284.92006,83486.88522,73106.22974,13606.75409,10088.8702,8.09E+05
142,45344.88349,43169.48975,14406.2427,50759.07423,27197.12202,38266.80882,22233.32676,28788.66727,9014.622148,39560.98124,35642.65719,186809.1036,41884.69459,10965.21299,81254.86788,71260.46882,14961.41044,10981.06645,7.73E+05
143,47826.50513,45515.3358,14880.64437,53435.00185,28598.51854,41064.33628,24099.01258,31905.33967,8809.277349,38264.20806,34496.51359,179494.6961,40519.57175,13363.65795,97999.4796,62307.37866,12736.03669,9515.403141,7.85E+05
144,50436.27701,47982.32068,15379.54401,56249.11363,30072.28278,45533.00513,27079.19141,36883.79907,9134.203913,40316.15218,36310.10957,191068.6211,42679.6687,13523.12812,99112.81181,63820.49252,13547.63664,10049.93459,8.29E+05
145,47391.23376,45103.87919,14797.43529,52965.64961,28352.71645,45298.50448,26922.80168,36622.54633,8863.939558,38609.40543,34801.61379,181441.7708,40882.96362,11916.17359,87893.94702,65826.06918,13565.9055,10061.96673,7.91E+05
146,41427.91014,39466.82358,13657.4506,46535.40973,24985.16805,40489.27603,23715.50186,31264.67593,8742.774693,37844.23705,34125.32525,177125.8631,40077.46514,7883.17772,59737.80792,52320.48942,13008.56041,9694.891201,7.02E+05
147,40917.22736,38984.08151,13559.82542,45984.74152,24696.78039,41345.69866,24286.65464,32218.80018,8944.603978,39118.80941,35251.84682,184315.0476,41419.217,7832.731423,59385.61987,52695.81341,14561.17859,10717.46797,7.16E+05
148,38622.83099,36815.21718,13121.21485,43510.69853,23401.11185,38648.87366,22488.12782,29214.31849,9063.880789,39872.05453,35917.59708,188563.7026,42212.16378,8211.778396,62031.91548,52123.08339,13610.22113,10091.15365,7.08E+05
149,42552.85655,40530.22143,13872.5021,47748.43719,25620.43653,38965.02027,22698.96766,29566.53144,9051.477431,39793.72607,35848.36704,188121.8934,42129.70683,7926.294609,60038.82611,53797.56981,12327.19758,9246.135799,7.20E+05
150,41119.63246,39175.41254,13598.51839,46202.99454,24811.08057,36028.41135,20740.52768,26294.91102,8768.49544,38006.66618,34268.88706,178042.0393,40248.45549,7882.833647,59735.40579,50363.80466,11953.43003,8999.967089,6.86E+05
151,38745.63775,36931.30487,13144.69133,43643.1208,23470.46205,34598.94254,19787.20739,24702.36687,7571.24101,33025.18079,29765.49713,155340.1718,34968.9798,7284.743835,55151.01934,48755.793,12316.10338,9238.828994,6.28E+05
152,36827.02387,35117.66306,12777.9176,41574.28332,22387.00164,34048.06451,19419.82392,24088.64408,7515.411021,32672.60877,29453.87889,153351.5005,34597.82459,6887.001697,52374.20445,45076.4096,12944.26801,9652.547299,6.11E+05
153,35630.07065,33986.19807,12549.10085,40283.61106,21711.0702,33687.70428,19179.49779,23687.17357,7588.906246,33136.73855,29864.09664,155969.4097,35086.41748,6427.591961,49166.86062,41822.87809,11376.95799,8620.294273,6.00E+05
154,41451.383,39489.01219,13661.93781,46560.72048,24998.42342,36584.77949,21111.57252,26914.75023,8306.40627,37667.82378,33868.86359,181526.8508,39856.32484,7868.012835,59223.07983,46002.63712,12332.02768,9249.316971,6.87E+05
155,39632.93531,37770.05622,13314.31245,44599.89198,23971.52784,35604.45699,20457.79028,25822.59149,8005.190407,35765.61514,32187.61022,170797.5039,37853.85555,7629.010694,57554.49951,47830.54981,12198.26574,9161.219423,6.60E+05
156,37980.40191,36207.93696,12998.40426,42817.96854,23038.32573,34407.03631,19659.22411,24488.56777,8077.009525,36219.16013,32588.47269,173355.7099,38331.30577,10221.11297,75651.11916,50374.56912,12131.89344,9117.50567,6.78E+05
157,41435.88177,39474.35907,13658.9745,46544.00553,24989.66972,35652.09006,20489.55702,25875.65859,9064.769691,42456.96551,38101.71191,208539.8513,44897.8902,9232.387133,68748.38404,45785.76426,12733.17908,9513.521079,7.37E+05
158,39206.04839,37366.52532,13232.70619,44139.58067,23730.46054,35626.3631,20472.39958,25846.99667,8722.942266,40298.29074,36193.7828,196363.9154,42625.4371,7386.887871,55864.13232,43239.62578,13995.82095,10345.11525,6.95E+05
159,37631.1744,35877.81654,12931.64383,42441.39721,22841.11347,33064.57067,18763.92669,22992.9522,7886.259451,35014.55412,31523.79037,166561.1683,37063.208,6263.279663,48019.72334,45395.50941,11830.33561,8918.895323,6.25E+05
160,32818.52743,31328.48126,12011.62939,37251.92966,20123.36367,29937.49342,16678.46238,19509.13463,7026.892203,29587.56301,26727.18349,135950.3988,31350.17382,5746.091823,44409.00485,45765.48539,11484.30888,8690.997121,5.46E+05
161,34259.96886,32691.0579,12287.18397,38806.23306,20937.36004,33481.68898,19042.10509,23457.65582,7631.48068,33405.6004,30101.72826,157485.9164,35369.45037,7115.572147,53969.95649,48937.09045,11939.65396,8990.89397,6.10E+05
162,33998.69811,32444.08192,12237.23789,38524.50534,20789.81784,39711.04063,23196.49257,30397.6586,8482.874956,38782.24139,34853.83354,187812.6876,41029.4806,8332.14391,62463.38543,46934.88435,12383.529,9283.236487,6.82E+05
163,35643.44435,33998.84006,12551.65744,40298.0319,21718.62246,35271.95472,20236.04276,25452.157,8162.950231,36761.88438,33068.1556,176416.9286,38902.63565,7142.603986,54158.67779,44347.19475,12068.28549,9075.612557,6.45E+05
164,36485.91984,34795.22166,12712.71011,41206.47153,22194.37679,34823.30775,19936.83773,24952.32791,7987.971551,35656.87632,32091.5022,170184.166,37739.38538,7015.810803,53273.47816,43505.06908,11810.69887,8905.962283,6.35E+05
165,37680.09607,35924.06159,12940.99599,42494.14935,22868.74003,40682.04024,23844.05733,31479.43089,9442.283778,44841.00516,40208.82812,221986.9506,47407.58659,6656.990163,50768.39157,42916.86712,11885.29635,8955.093266,7.33E+05
166,36113.77304,34443.43592,12641.56829,40805.18638,21984.22177,37739.83527,21881.88532,28201.57602,8417.034895,38366.45474,34486.34352,185467.4564,40591.77888,6138.841058,47150.96205,44688.65431,11441.77502,8662.983708,6.59E+05
167,32714.66864,31230.30483,11991.77512,37139.93893,20064.71357,33488.08031,19046.36751,23464.77628,7212.938582,30762.46471,27765.61187,142577.3942,32587.00164,5532.061656,42914.76499,45901.76504,10270.75741,7891.73459,5.63E+05
168,34134.33932,32572.30186,12263.16788,38670.76697,20866.41578,32717.49055,18532.45713,22606.27681,7333.332531,31522.76468,28437.5975,146865.8418,33387.37511,6343.485865,48579.67853,46638.80899,11903.40429,8967.019416,5.82E+05
169,33940.59806,32389.16066,12226.13114,38461.85616,20757.00816,31938.01249,18012.6191,21737.87506,7290.352573,31251.3419,28197.70244,145334.8903,33101.64631,6285.122333,48172.21674,46644.81321,11654.27034,8802.936197,5.76E+05
170,33607.42296,32074.21438,12162.43939,38102.59412,20568.86085,32039.2097,18080.10805,21850.61695,7356.516286,31669.17244,28566.99894,147691.6501,33541.49965,6371.142694,48772.76317,45961.27142,11610.46679,8774.086543,5.79E+05
171,33667.77799,32131.26724,12173.97722,38167.67483,20602.94394,31231.15788,17541.21403,20950.38172,7312.841165,31393.35963,28323.22379,146135.9368,33251.14945,6295.74228,48246.35932,47175.22575,11534.89066,8724.311012,5.75E+05
172,33354.87806,31835.48683,12114.16139,37830.27547,20426.24623,31175.91381,17504.37147,20888.83534,7300.520333,31315.55233,28254.45436,145697.0672,33169.24111,6048.368605,46519.33359,45403.57146,11692.82988,8828.332067,5.69E+05
173,32678.76327,31196.36393,11984.91123,37101.22224,20044.43745,31651.33875,17821.43487,21418.49727,7218.974543,30800.58242,27799.30193,142792.3959,32627.12843,6003.608041,46206.84018,42843.29372,11614.12347,8776.494888,5.61E+05
174,30285.10322,28933.66687,11527.32483,34520.14342,18692.71372,29842.69935,16615.24372,19403.52635,6863.632354,28556.56054,25815.93941,130135.0624,30264.8298,5690.354884,44019.88047,40384.23866,11243.79471,8532.591013,5.21E+05
175,33219.74533,31707.74754,12088.32861,37684.56211,20349.93542,31155.94194,17491.05212,20866.58506,7176.317072,30531.19617,27561.20684,141272.9314,32343.54352,6097.765303,46864.19393,42885.56965,11663.97576,8809.328323,5.60E+05
176,33048.05659,31545.45231,12055.50756,37499.43049,20252.98108,30887.07524,17311.7435,20567.04575,7166.250016,30467.6217,27505.017,140914.3416,32276.61819,6178.106514,47425.09168,42441.94444,12095.58722,9093.593869,5.59E+05
177,33106.96909,31601.14157,12066.76963,37562.95572,20286.24956,31087.51822,17445.41998,20790.35548,7184.268621,30581.41101,27605.58886,141556.1666,32396.40505,6221.764271,47729.88591,42915.63835,12968.00418,9668.180286,5.63E+05
178,33315.91028,31798.65107,12106.71208,37788.25659,20404.24073,30660.77633,17160.82357,20314.93043,7203.862862,30705.15062,27714.95523,142254.1159,32526.66667,6142.748346,47178.24057,42699.76122,12295.62574,9225.342125,5.61E+05
179,32903.40621,31408.71611,12027.85533,37343.45428,20171.29557,30783.32527,17242.5521,20451.45988,7205.694411,30716.71704,27725.17812,142319.3559,32538.84272,6082.810623,46759.78865,42467.38529,11925.68455,8981.693517,5.59E+05
180,32550.81287,31075.41401,11960.45147,36963.25359,19972.18259,30558.89048,17092.87536,20201.42133,7167.348778,30474.56049,27511.1498,140953.4796,32283.92271,5933.196753,45715.26764,42434.32083,11407.43234,8640.365125,5.53E+05
181,30088.50919,28747.82898,11489.74274,34308.15647,18581.69511,30401.49226,16805.29399,19256.97472,6463.118098,27574.85098,24887.93846,127835.3857,29210.11956,5465.354597,42244.62568,39105.25005,10312.44918,7919.193396,5.11E+05
182,33357.16824,31837.65171,12114.5992,37832.74496,20427.53952,32127.5627,17956.41947,21179.95713,6796.367621,29679.35543,26747.98952,139705.7757,31425.54715,6184.909589,47268.15933,41804.48974,11548.55853,8733.31287,5.57E+05
183,32945.03085,31448.06336,12035.81254,37388.33804,20194.80141,31560.94772,17578.54095,20548.7021,6793.872297,29663.59721,26734.06173,139616.8919,31408.95835,5972.013878,45781.83962,41603.92688,12078.22492,9082.158808,5.52E+05
184,32833.62854,31342.75615,12014.51621,37268.21316,20131.89142,31357.78532,17443.05088,20322.36272,6720.970977,29203.218,26327.15889,137020.1377,30924.31371,6011.486367,46057.41463,41582.43241,11464.66388,8678.058641,5.47E+05
185,32988.23554,31488.90422,12044.07181,37434.92557,20219.19954,31541.4838,17565.56036,20527.01772,6686.407889,28984.9486,26134.24306,135788.9962,30694.53988,5878.602111,45129.6905,41569.24659,11479.00258,8687.502318,5.45E+05
186,33233.01132,31720.28772,12090.86461,37698.86681,20357.42686,31614.33653,17614.14623,20608.18157,6667.60419,28866.20134,26029.28915,135119.2061,30569.53375,6065.217246,46432.53381,42617.22732,12000.6748,9031.083174,5.48E+05
187,33158.86778,31650.20075,12076.69089,37618.91798,20315.55727,31653.43503,17640.22123,20651.74047,6642.755221,28709.27758,25890.59322,134234.0826,30404.33894,5978.311715,45825.80763,42408.45951,12538.47621,9385.286957,5.47E+05
188,30709.65176,29334.98733,11608.48407,34977.93326,18932.46052,30347.51179,16769.29413,19196.8361,6354.746211,26890.47155,24283.05465,123975.1655,28489.66821,5353.498619,41463.70932,42611.2118,10359.54454,7950.211078,5.10E+05
189,32728.06052,31242.96401,11994.33519,37154.37938,20072.2761,31597.34904,17602.81719,20589.25613,6661.348839,28826.69816,25994.37456,134896.3897,30527.94847,5907.465068,45331.19565,43267.99219,11615.77273,8777.581112,5.45E+05
190,32631.48962,31151.67674,11975.87412,37050.24717,20017.74155,31264.88629,17381.09603,20218.86567,6664.834169,28848.70837,26013.82812,135020.5376,30551.11878,6017.457076,46099.09881,40998.84874,11677.54554,8818.265575,5.42E+05
191,33088.73206,31583.90233,12063.28333,37543.29077,20275.95093,32138.8133,17963.92256,21192.49121,6688.610573,28998.85877,26146.53746,135867.4561,30709.18323,5913.205403,45371.27149,41191.77741,12305.31779,9231.725451,5.48E+05
192,33754.5457,32213.28767,12190.56425,38261.23628,20651.94253,31969.66027,17851.11351,21004.04102,6760.086613,29450.23719,26545.48502,138413.4416,31184.35267,6060.551568,46399.96064,41842.96971,11451.19894,8669.190438,5.55E+05
193,33071.6015,31567.70903,12060.00855,37524.81892,20266.27713,31600.65992,17605.02523,20592.94472,6674.54797,28910.05201,26068.04625,135366.5444,30615.69569,5901.293677,45288.11042,42265.1881,11376.14884,8619.761358,5.45E+05
194,32356.50204,30891.7344,11923.30585,36753.7286,19862.45332,31342.4467,17432.82147,20305.27425,6637.894819,28678.58365,25863.46461,134060.9545,30372.02721,6508.019743,49523.93513,41050.64554,11354.34232,8605.399269,5.44E+05
195,30115.86602,28773.68906,11494.97243,34337.65529,18597.14379,30025.91549,16554.81986,18838.55175,6350.497312,26863.63932,24259.33918,123823.8192,28461.42172,5345.783624,41409.84751,38328.16257,10148.85411,7811.447314,5.02E+05
196,32661.03073,31179.60158,11981.52138,37082.10128,20034.42371,31343.29654,17433.38823,20306.22104,6655.814061,28791.74548,25963.48188,134699.2402,30491.15351,5812.944047,44671.30233,40675.46217,11245.33708,8533.606845,5.40E+05
197,32649.11515,31168.33794,11979.24352,37069.25274,20027.69487,31508.09406,17543.29257,20489.81884,6649.282586,28750.49855,25927.02608,134466.5882,30447.73257,5790.663274,44515.75035,41160.53061,11340.35653,8596.188027,5.40E+05
198,32609.17765,31130.58551,11971.60883,37026.18821,20005.14176,31276.86546,17389.085,20232.21143,6668.774469,28873.59177,26035.82113,135160.8915,30577.31371,5775.361512,44408.92193,40920.61763,11250.70493,8537.142187,5.40E+05
199,32662.85274,31181.32391,11981.86968,37084.06596,20035.45262,31664.08549,17647.32408,20663.60594,6623.822811,28589.7175,25784.92091,133559.7078,30278.47715,5804.702757,44613.76622,42025.08501,11434.52055,8658.205809,5.40E+05
200,33032.58895,31530.83095,12052.55067,37482.75177,20244.24635,31325.44963,17421.48603,20286.33813,6630.925136,28634.5694,25824.56294,133812.6935,30325.69308,5781.752486,44453.54016,43139.36705,11300.56408,8569.980141,5.42E+05
201,32316.33352,30853.7636,11915.62699,36710.41497,19839.76975,31413.45681,17480.17849,20384.38528,6596.837732,28419.304,25634.30217,132598.4959,30099.08158,5941.574048,45569.32562,43253.23523,11026.59318,8389.538949,5.38E+05
202,29633.73493,28317.93654,11402.80536,33817.7743,18324.87954,29856.84297,16442.0645,18650.19125,6273.217849,26375.6117,23827.99949,121071.115,27947.67139,5209.06121,40455.32748,38104.50682,10295.56234,7908.071478,4.94E+05
203,32672.39865,31190.34754,11983.69454,37094.35929,20040.84329,31320.97755,17418.50358,20281.35588,6623.528239,28587.85725,25783.27674,133549.2151,30276.51884,5744.549148,44193.8071,41648.7611,12665.42272,9468.895761,5.41E+05
204,32668.71379,31186.86428,11982.99012,37090.38591,20038.76241,31355.74233,17441.68839,20320.08666,6634.551571,28657.4707,25844.80409,133941.8676,30349.80145,5734.743809,44125.35167,41620.42037,11470.80596,8682.103906,5.39E+05
205,32602.72341,31124.4844,11970.375,37019.22862,20001.49699,31693.32034,17666.82095,20696.17593,6703.292041,29091.57372,26228.4829,136390.4118,30806.78495,5875.965891,45111.28588,41522.07339,11491.16871,8695.515107,5.45E+05
206,33220.03774,31708.02395,12088.38451,37684.87742,20350.10055,32022.04331,17886.04804,21062.39997,6682.035801,28957.33842,26109.84,135633.2618,30665.47444,5859.586407,44996.93341,41886.25648,11602.77282,8769.019183,5.47E+05
207,33725.98539,32186.28997,12185.10449,38230.43975,20635.81424,31394.76051,17467.70983,20363.55608,6636.622986,28670.5519,25856.36581,134015.6517,30363.57213,5794.307604,44541.19304,41914.16055,11662.57694,8808.407045,5.44E+05
208,32461.54882,30991.03381,11943.38722,36867.00034,19921.77428,31292.21288,17399.32027,20249.3097,6611.497343,28511.88093,25716.12561,133120.6731,30196.538,5757.704029,44285.64718,42094.3983,12206.01615,9166.323954,5.39E+05
209,29638.79483,28322.7196,11403.77264,33823.23038,18327.73692,29846.25413,16435.00276,18638.39443,6354.623983,26889.69966,24282.37243,123970.8117,28488.85564,5243.834311,40698.09398,39641.04571,10223.78352,7860.796909,5.00E+05
210,32555.17581,31079.53825,11961.28552,36967.95814,19974.64638,31380.84011,17458.42624,20348.04762,6706.672198,29112.91976,26247.34944,136510.8134,30829.25608,5818.24196,44708.28942,41465.5573,11401.88194,8636.709549,5.43E+05
211,32708.90243,31224.85411,11990.67282,37133.72125,20061.45734,31221.66382,17352.27073,20170.71233,6604.400371,28467.06283,25676.51346,132867.8781,30149.35765,5855.217227,44966.43022,41313.65593,11382.2349,8623.769726,5.38E+05
212,32605.35504,31126.97205,11970.87808,37022.0663,20002.9831,29559.21062,16517.48942,19472.24304,6681.33479,28780.9583,25960.65038,134278.6594,30482.15968,5849.734204,44928.1508,42272.62852,11189.24404,8496.663153,5.37E+05
213,32338.68325,30874.89052,11919.8995,36734.51464,19852.39087,29808.50871,16683.74763,19749.98132,6670.158246,28710.3773,25898.26787,133880.5495,30407.85853,5922.36737,45435.23525,42008.4598,11219.13704,8516.351118,5.37E+05
214,32211.17369,30754.35732,11895.52401,36597.02134,19780.38495,29753.92454,16647.34516,19689.17013,6661.141492,28653.43558,25847.94034,133559.3715,30347.91556,5833.690752,44816.14432,42095.95811,11219.44676,8516.555106,5.35E+05
215,32069.37278,30620.31468,11868.41649,36444.1177,19700.30856,29540.1024,16504.74604,19450.95493,6599.713784,28265.51339,25505.07812,131371.3088,29939.54696,5752.076152,44246.35647,41692.10993,11193.78291,8499.65252,5.29E+05
216,30364.73957,29008.94613,11542.54859,34606.01514,18737.68516,28680.9366,15931.76384,18493.77457,6313.549117,26458.35457,23907.83385,121178.0874,28037.13734,5338.989521,41362.41485,39379.38984,10026.99982,7731.19232,4.97E+05
217,33527.90219,31999.04438,12147.23772,38016.84703,20523.95468,30294.16451,17007.63404,20291.04126,6728.019926,29075.77966,26221.2261,135941.5898,30792.52033,6089.581757,46602.63331,42022.93371,11358.97891,8608.452996,5.47E+05
218,34242.90582,32674.92842,12283.9221,38787.83401,20927.72437,30167.86273,16923.40272,20150.33083,6755.948729,29252.15287,26377.1123,136936.4173,30978.18974,6041.670805,46268.14563,43695.20123,11374.5426,8618.703466,5.52E+05
219,34125.1421,32563.60784,12261.40968,38660.84963,20861.22202,30559.162,17184.36226,20586.26994,6815.776462,29629.97106,26711.04417,139067.4886,31375.92177,5996.009306,45949.36238,43332.20896,11922.25846,8979.437046,5.57E+05
220,32996.74479,31496.94791,12045.69849,37444.10108,20224.00479,31374.88007,17728.36895,21495.046,6792.961293,29485.89096,26583.70002,138254.8095,31224.24757,5789.694274,44508.98533,42713.47334,12375.32215,9277.831337,5.52E+05
221,32564.49915,31088.35148,11963.06782,36978.01148,19979.91137,30605.64855,17215.36439,20638.05973,6697.255141,28881.49693,26049.51072,134845.7443,30587.99745,5736.619437,44138.44626,41889.19795,11778.4302,8884.709672,5.41E+05
222,31857.82964,30420.34559,11827.97664,36216.01117,19580.84804,31149.9301,17578.34862,21244.4335,6747.180994,29196.78374,26328.17469,136624.1094,30919.90224,5797.692359,44564.82351,41753.46549,11210.74418,8510.823455,5.42E+05
223,29598.87928,28284.98793,11396.14215,33780.18953,18305.19621,29817.74884,16689.90992,19760.27557,6398.006569,26991.71192,24379.2379,124186.4725,28598.60662,5247.505004,40723.72072,38971.92775,10240.03222,7871.498534,5.01E+05
224,32388.16086,30921.66109,11929.35794,36787.86625,19880.33137,30515.37984,17155.16371,20537.49306,6675.352421,28743.17904,25927.25945,134065.5666,30442.38917,5974.911545,45802.06952,41979.5706,11350.996,8603.195332,5.40E+05
225,32358.43555,30893.56213,11923.67547,36755.81351,19863.54519,29648.78742,16577.22865,19572.03885,6650.000429,28583.07864,25785.75587,133162.5255,30273.85028,5832.94648,44810.94822,41295.28393,11261.95298,8544.550316,5.34E+05
226,32398.77166,30931.69135,11931.38636,36799.30786,19886.3234,30690.02982,17271.6387,20732.0673,6718.873012,29018.01597,26170.17209,135615.7756,30731.71207,5870.03211,45069.85951,41381.43491,11178.03106,8489.278127,5.41E+05
227,32264.20611,30804.48821,11905.662,36654.2061,19810.33289,30652.48743,17246.60148,20690.24203,6743.028526,29170.56049,26304.99746,136476.198,30892.29682,6037.555271,46239.41326,41509.57628,11406.88133,8640.002219,5.43E+05
228,32197.92217,30741.83083,11892.99077,36582.73226,19772.90169,30314.37524,17021.11268,20313.55765,6674.553436,28738.13336,25922.79987,134037.1067,30437.07755,5867.704733,45053.61106,41669.74052,11435.77802,8659.033994,5.37E+05
229,32196.50728,30740.49335,11892.72029,36581.20658,19772.10268,30111.62862,16885.89989,20087.68147,6652.200126,28596.96995,25798.0336,133240.879,30288.47377,5774.098307,44400.10293,41398.93707,12161.69796,9137.135358,5.36E+05
230,30976.61479,29587.34415,11659.51833,35265.79896,19083.21721,29776.53873,16662.42668,19714.36417,6369.487616,26811.61185,24220.05774,123170.6238,28409.01392,5324.36074,41260.28482,38911.0443,10588.97957,8101.320306,5.06E+05
231,34042.40291,32485.39552,12245.59276,38571.63213,20814.49838,30480.87712,17132.15367,20499.05424,6677.006672,28753.6258,25936.49274,134124.4912,30453.38655,5941.583449,45569.39125,41646.78699,11368.77413,8614.904268,5.45E+05
232,34933.0473,33327.31057,12415.85368,39532.01219,21317.45416,33010.91113,18819.44669,23317.71725,6706.910222,28942.46974,26103.4011,135189.6595,30652.18398,5916.035109,45391.02692,42326.24575,11281.43831,8557.383636,5.58E+05
233,34781.98057,33184.50907,12386.97486,39369.11723,21232.14526,34015.8389,19489.63833,24437.28826,6673.186208,28729.49918,25915.1686,133988.4058,30427.98828,5958.53309,45687.72424,42290.82762,11313.22946,8578.321743,5.58E+05
234,33611.728,32078.28388,12163.26236,38107.23624,20571.29195,32359.91434,18385.2935,22592.45404,6769.97726,29340.74446,26455.41333,137436.1153,31071.45077,6274.208098,47891.59197,42942.66148,11544.88949,8730.896384,5.58E+05
235,34258.49377,32689.66352,12286.90199,38804.64247,20936.52704,32678.21422,18597.56937,22947.06591,6912.00214,30237.64595,27248.13323,142495.0594,32015.62568,6229.567444,47579.9357,45418.29405,12377.40901,9279.205771,5.73E+05
236,33578.57155,32046.9415,12156.92398,38071.48371,20552.56817,33394.30078,19075.13127,23744.84439,7055.670775,31144.92792,28050.02785,147612.5543,32970.7282,6011.449074,46057.15428,43572.46564,14377.83246,10596.71356,5.80E+05
237,30629.45643,29259.17968,11593.15345,34891.4588,18887.17342,30314.89396,17021.45862,20314.13554,6614.3475,28357.92678,25586.75703,131892.5636,30036.83124,5208.189272,40449.2401,40181.86512,11688.68735,8825.603737,5.22E+05
238,32685.76406,31202.98169,11986.24955,37108.77118,20048.39087,31940.03034,18105.27065,22124.66923,6883.666932,30058.70625,27089.97867,141485.7557,31827.25452,5788.206138,44498.59598,41801.79425,14476.08872,10661.42655,5.60E+05
239,33054.2962,31551.35054,12056.70036,37506.15865,20256.50465,30485.01762,17134.91499,20503.6671,6764.903796,29308.70503,26427.09551,137255.3979,31037.72261,5877.254472,45120.28204,43018.38767,11741.54832,8860.418736,5.48E+05
240,33952.89617,32400.7859,12228.48212,38475.11719,20763.95302,30440.31236,17105.10082,20453.86181,6809.933264,29593.07067,26678.43003,138859.3532,31337.07646,5875.33444,45106.87744,44777.73803,11543.69366,8730.108794,5.55E+05
241,34849.67804,33248.50264,12399.91632,39442.11528,21270.3747,30706.59916,17282.68888,20750.52689,6803.303909,29551.20563,26641.42791,138623.2147,31293.00481,6185.762527,47274.11407,45836.80371,11394.49593,8631.845017,5.62E+05
242,33996.96891,32442.44732,12236.90733,38522.64074,20788.84134,30687.11243,17269.69308,20728.81709,6821.457792,29665.84924,26742.75484,139269.8583,31413.691,6283.993828,47959.9105,47668.53364,11538.19051,8726.484345,5.63E+05
243,32437.22666,30962.27756,11830.47646,36805.6082,19878.03152,32647.81326,18303.37732,21759.55843,7070.638617,30723.59186,27697.74102,144156.8135,32534.27032,6439.809836,49252.15904,47401.55931,11454.53985,8671.390809,5.70E+05
244,31670.2954,30237.30698,11683.86528,35978.62775,19444.93777,31758.338,17710.18157,20768.61088,6845.526478,29301.98593,26441.2649,136138.2908,31037.73511,5709.03792,44150.31506,42862.41334,10238.05856,7870.198657,5.40E+05
245,36738.64838,35028.35798,12652.76202,41443.82259,22307.08732,34936.48973,19829.70772,24309.32957,7287.375137,32092.30491,28907.46817,151876.9956,33975.1248,6211.50678,47658.2738,44187.30096,11366.33726,8613.299309,5.99E+05
246,36371.62909,34681.41921,12582.60041,41048.06642,22099.82785,34120.80094,19285.72057,23400.58612,7167.78013,31337.05034,28239.94187,147617.0064,33180.06266,5993.205203,46134.21334,42269.08307,11371.24398,8616.530943,5.86E+05
247,34791.85084,33188.07449,12280.60053,39344.59471,21207.7113,34264.3166,19381.43192,23560.47421,7120.255766,31036.92917,27974.68195,145924.1826,32864.12286,6265.179954,48032.99012,41975.35775,11596.23318,8764.712086,5.80E+05
248,36004.09472,34333.99354,12512.34034,40651.75485,21892.27753,34555.31946,19575.50326,23884.67499,7392.897428,32758.68885,29496.4468,155635.7129,34676.63216,6505.17681,49708.51498,41750.72474,11468.62502,8680.667507,6.01E+05
249,35311.43678,33679.23261,12379.9277,39904.86319,21501.12667,34241.36512,19366.12546,23534.9044,7392.915793,32758.80483,29496.5493,155636.367,34676.75425,6324.403391,48446.45529,42356.7464,11627.36937,8785.218829,5.97E+05
250,34254.47514,32680.09993,12177.87257,38765.14358,20904.24988,34385.52291,19462.26504,23695.50786,7060.260496,30658.05298,27639.81496,143787.1435,32465.27705,5949.703488,45830.5085,41642.38783,11123.55099,8453.396766,5.71E+05
251,30701.51309,29321.52912,11498.66705,34933.99174,18897.85673,32824.86694,18421.45535,21956.81058,6735.518286,28607.27306,25827.24795,132219.7851,30306.40568,5429.583959,42199.32258,39530.4515,11560.35635,8741.083087,5.30E+05
252,35222.69409,33595.34525,12362.96311,39809.17212,21451.01279,34556.86243,19576.53228,23886.39398,7218.647407,31658.28234,28523.86046,149428.9052,33518.22599,6107.609831,46932.92296,42320.69308,16433.56703,11950.65005,5.95E+05
253,36868.93084,35151.51236,12677.6676,41584.3059,22380.65912,33739.51486,19031.43887,22975.80252,7122.671675,31052.18588,27988.16648,146010.2376,32880.18371,6470.773938,49468.33322,43660.05706,13333.60292,9908.968897,5.92E+05
254,35207.61661,33581.0927,12360.08081,39792.9141,21442.49838,34542.48478,19566.94374,23870.37611,7271.353801,31991.12855,28818.04417,151306.3136,33868.61569,7235.534672,54807.46828,47438.77046,13483.24757,10007.52703,6.07E+05
255,34431.50564,32847.44466,12211.71479,38956.03521,21004.22077,33958.76563,19177.65836,23220.06565,7184.50756,31442.68575,28333.30697,148212.8396,33291.26585,7272.657216,55066.63727,48151.79163,12485.87936,9350.64591,5.97E+05
256,35592.15298,33944.59015,12433.59109,40207.55891,21659.64991,33933.22362,19160.62427,23191.60979,7041.845013,30541.75734,27537.0279,143131.1817,32342.85176,7287.027709,55166.96408,46551.8107,11526.27257,8718.635013,5.90E+05
257,37919.77574,36144.86297,12878.55341,42717.42985,22974.08173,34384.92213,19461.86439,23694.83855,6901.749178,29657.03797,26755.07507,138140.9504,31411.50105,6974.26077,52983.39888,45164.18938,11764.44481,8875.498692,5.89E+05
258,32760.3565,31267.72818,11892.2479,37154.03845,20060.50616,34598.50407,19604.30331,23932.78615,6786.178153,28927.19525,26110.00886,134024.296,30643.19016,6805.84111,51807.58628,42853.16385,11689.34227,8826.035077,5.60E+05
259,35574.18766,33927.60775,12430.15673,40188.18693,21649.50471,34406.76274,19476.43,23719.17075,8359.875837,38865.25533,34893.69146,190079.6055,41105.06042,8172.237512,61347.0077,46703.16958,15621.60226,11415.87831,6.78E+05
260,37663.28367,35902.40422,12829.52085,42440.85497,22829.2381,33457.39942,18843.2946,22661.50305,7306.709829,32214.40544,29015.38584,152565.6997,34103.66094,7167.413655,54331.88514,45675.78162,13658.55826,10122.98918,6.13E+05
261,38406.58226,36605.03512,12971.61426,43242.35234,23248.98623,34687.0075,19663.32671,24031.38614,7343.939049,32449.51174,29223.18284,153891.8093,34351.1591,8092.042686,60787.13192,48412.32271,12805.15606,9560.926155,6.30E+05
262,39446.64462,37588.19313,13170.43882,44363.8495,23836.31983,35700.00522,20338.90023,25159.94772,7206.983913,31584.6262,28458.76,149013.4501,33440.68761,7583.080793,57233.84243,46407.198,14285.66431,10536.01028,6.25E+05
263,37013.41575,35288.09216,12705.2882,41740.10369,22462.25119,34431.16983,19492.70722,23746.36223,7157.055924,31269.3259,28180.08411,147235.0088,33108.76863,6481.466908,49542.9856,44160.79808,15056.16553,11043.47351,6.00E+05
264,36027.24936,34355.88134,12516.76672,40676.72246,21905.35318,36532.77438,20894.27838,26087.72009,7626.093959,34231.34854,30798.04642,163942.2026,36226.91204,7293.808102,55214.30103,47473.4636,18037.43233,13006.9789,6.43E+05
265,36049.40464,34376.82445,12521.00206,40700.61245,21917.86449,37333.89122,21428.54743,26980.2292,7622.109022,34206.18326,30775.80427,163800.2587,36200.42036,7080.582667,53725.67936,48616.82678,21618.56519,15365.56475,6.50E+05
266,40166.56731,38268.72709,13308.06355,45140.14069,24242.86736,40859.82033,23780.00815,30908.40009,8352.379117,38817.91278,34851.84809,189812.5713,41055.22257,6743.622508,51373.21052,44876.16598,24371.49095,17178.68142,7.14E+05
267,36715.15279,35006.14789,12648.27046,41418.48735,22293.81912,45265.89344,26718.44155,35817.12275,8173.61502,37688.99943,33854.06618,183444.9717,39866.80703,6773.160976,51579.43171,44920.66968,16000.01707,11665.10777,6.90E+05
268,40238.08096,38336.32805,13321.73453,45217.25371,24283.25184,41569.73944,24253.45695,31699.30754,8162.330121,37617.73415,33791.07888,183043.0022,39791.78553,8062.885232,60583.57076,51399.82435,16103.5798,11733.31568,7.09E+05
269,38794.41171,36971.64547,13045.75406,43660.54806,23467.99739,35450.75914,20172.67671,24882.26739,7847.902835,35632.09403,32036.0852,171843.0627,37701.48731,7867.72001,59221.03548,49309.66164,12539.82003,9386.172013,6.60E+05
270,36698.39297,34990.30504,12645.06656,41400.41526,22284.35468,40005.82881,23210.4767,29956.9843,7963.163706,36359.97809,32679.42027,175948.6694,38467.73631,7147.507093,54192.90857,44125.3958,17234.16435,12477.935,6.68E+05
271,40452.95062,38539.44166,13362.8103,45448.94723,24404.59088,45683.53136,26996.96648,36282.40526,8576.619338,40234.01246,36103.45756,197800.0362,42545.9613,7985.188759,60041.1371,50276.30178,24805.93373,17464.81171,7.57E+05
272,46404.02996,44164.9229,14500.4543,51865.98413,27765.2248,40997.42947,23871.78041,31061.70782,7906.954119,36005.00886,32365.68328,173946.4769,38094.05755,7404.986236,55990.48506,59462.09954,25595.44816,17984.79732,7.35E+05
273,51989.59576,49433.3591,15351.70217,57818.55728,30859.43398,44840.40659,26252.07046,34574.00367,8643.153233,39450.50859,35457.88203,190862.5552,41737.69432,9991.206151,74250.46497,45853.59174,14666.08767,10786.5626,7.83E+05
274,42744.68522,40694.26021,13584.38965,47849.78882,25638.74069,42937.77952,24983.19843,32454.32286,8976.053567,41552.80788,37315.98406,202720.507,43950.80052,8191.344844,61684.83213,57071.51999,14678.06746,10794.45267,7.58E+05
275,40615.28784,38681.36736,13177.32128,45553.6639,24436.24872,43769.17605,25537.66117,33380.56601,9217.255946,43076.0253,38662.26877,211312.1661,45554.30291,8170.007578,61535.86717,66312.14914,17271.44003,12502.48531,7.79E+05
276,39254.7558,37395.27336,12917.23382,44086.60493,23667.94269,47176.4213,27809.971,37176.51346,8232.667278,36858.24826,33166.73146,176240.9939,39008.80245,8645.206989,64853.44576,56961.1593,15412.07852,11277.88296,7.20E+05
277,44275.79924,42141.60324,13877.08659,49500.78599,26503.37606,42254.05389,24527.21821,31692.59708,9224.325694,43120.67148,38701.72897,211563.9914,45601.30227,9602.489551,71536.66138,61869.5994,22628.78502,16030.91012,8.05E+05
278,52919.97563,50312.8356,15529.55916,58821.78402,31384.82878,47116.54823,27770.04133,37109.81,10743.4021,52713.79263,47180.53979,265673.6839,55700.05274,11513.99863,84881.757,67014.99938,33600.84294,23257.26599,9.73E+05
279,48541.01585,46173.45942,14692.45096,54099.96049,28911.98647,45159.60236,26464.94381,34929.61364,11501.03524,57498.32258,51409.31202,292660.6718,60736.76324,9274.366839,69245.89069,62281.15635,25941.08841,18212.44099,9.58E+05
280,53296.71985,50668.96723,15601.57985,59228.02656,31597.58001,48595.86156,28756.60319,38757.88498,11001.29728,54342.42683,48619.99636,274859.943,57414.52816,10093.82931,74966.92292,59690.17323,19093.90113,13702.78452,9.50E+05
281,50242.77417,47782.11039,15017.76928,55934.96307,29872.98639,50571.07278,30073.88197,40958.43042,8817.55091,40551.84756,36431.29252,197074.6224,42897.0821,11314.94101,83492.0472,66815.27519,24139.89477,17026.14884,8.49E+05
282,51272.78855,48755.77016,15214.67301,57045.6255,30454.64579,50086.84818,29750.95003,40418.96496,10495.8706,51150.60622,45798.92878,256856.5811,54054.4747,14729.54967,107330.9499,68394.18846,34134.40015,23608.67448,9.90E+05
283,60052.2019,57054.84034,16892.99829,66512.44928,35412.46818,51723.89485,30842.70509,42242.76767,10588.97822,51738.59021,46318.61418,260173.0859,54673.44985,15907.86509,115557.2943,64880.82058,30919.24982,21491.13002,1.03E+06
284,58611.34572,55692.81693,16617.55559,64958.77696,34598.80231,48566.56591,28737.06577,38725.24726,10478.56684,51041.3312,45702.34684,256240.2188,53939.44007,16123.90183,117065.543,58648.30315,22225.83524,15765.52158,9.94E+05
285,51346.76496,48825.69914,15228.81478,57125.39412,30496.42101,49065.11166,29069.54856,39280.66764,9214.813646,43060.60194,38648.63694,211225.1711,45538.06661,11067.90843,81767.40274,58267.38417,17989.2664,12975.25613,8.50E+05
286,55084.90078,52359.3124,15943.41923,61156.21846,32607.38363,48023.7519,28375.06024,38120.50843,8169.799648,36461.23282,32815.83223,174001.641,38590.86133,12187.33589,89582.62408,57728.63529,13290.6939,9880.708397,8.04E+05
287,48052.31862,45711.50001,14599.02867,53572.99924,28636.01426,53228.63986,31846.22748,43919.1756,9544.067299,45139.87206,40486.38482,222953.2276,47726.92984,10920.24355,80736.48852,56487.49981,20827.84737,14844.78657,8.69E+05
288,51899.96974,49348.63673,15334.56872,57721.91372,30808.82127,51356.63984,30597.78079,41833.61582,10350.7101,50233.90298,44988.70724,251685.9458,53089.45434,12204.64756,89703.48458,60955.31209,26635.39874,18669.7238,9.47E+05
289,58463.54342,55553.10125,16589.30081,64799.40203,34515.33687,48871.41908,28940.37396,39064.87841,11694.85033,58722.28451,52491.10193,299564.3899,62025.23713,10747.26942,79528.87915,77871.5832,28704.71143,20032.60304,1.05E+06
290,58878.9735,55945.80214,16668.71692,65247.35945,34749.93439,55999.30811,33694.00075,47005.92466,12484.60193,63709.64573,56899.14511,327695.4411,67275.46963,10188.08794,75624.98435,79081.74672,30829.43911,21431.97938,1.11E+06
291,72690.89976,69002.04414,19309.08754,80140.73179,42549.66706,53195.78511,31824.31647,43882.57275,12150.42354,61599.27541,55033.90955,315791.9649,65053.86699,13164.21345,96402.64111,87511.35841,29497.1766,20554.53205,1.17E+06
292,60802.94168,57764.50531,17036.51421,67321.97047,35836.41843,56760.89017,34201.90385,47854.38883,10957.09574,54063.28961,48373.28294,273285.4784,57120.67831,13358.36413,97758.09345,92653.54214,22976.47233,16259.902,1.06E+06
293,57935.56914,55054.01373,16488.37009,64230.08842,34217.18452,52834.55141,31583.40781,43480.12912,10293.75853,49874.24803,44670.82881,249657.3236,52710.84287,10962.69929,81032.89092,59830.15333,22430.25036,15900.15232,9.53E+05
294,61078.28545,58024.78435,17089.15058,67618.87311,35991.90781,56950.43229,34328.31048,48065.55411,10340.46379,50169.1965,44931.51689,251320.971,53021.33734,13113.35155,96047.55152,89512.4148,19996.5491,14297.28152,1.02E+06
295,70474.18626,66906.61246,18885.3273,77750.45407,41297.86681,55978.04003,33679.81695,46982.2303,10757.29628,52801.53581,47258.09096,266168.5965,55792.42064,15951.26301,115860.2745,99830.75975,19181.93039,13760.76186,1.11E+06
296,61755.26708,58664.72666,17218.56644,68348.86104,36374.20609,60554.85552,36732.11935,52081.17383,11084.55822,54868.22805,49084.72197,277825.7079,57968.04304,14182.87353,103514.3605,86911.92099,33137.32921,22951.98915,1.10E+06
297,55028.13092,52305.64856,15932.56677,61095.00363,32575.32513,65800.15293,40230.23587,57924.8604,11734.06598,58969.93527,52709.98626,300961.2561,62285.94094,12121.3391,89121.87116,87402.45411,35632.89488,24595.60475,1.12E+06
298,71556.0123,67929.24915,19092.13565,78916.98492,41908.78478,56881.43434,34282.29539,47988.68481,12439.7805,63426.59387,56648.97177,326098.8961,66977.49882,15689.96489,114036.036,84716.0773,31257.16885,21713.68837,1.21E+06
299,75854.01711,71992.0996,19913.76801,83551.51486,44335.91101,50697.85807,30158.43576,41099.67951,12516.53932,63911.33359,57077.40546,328833.055,67487.78795,13127.98635,96149.7236,78385.29744,25833.63883,18141.67314,1.18E+06
300,73530.8078,69795.99876,19469.64939,81046.40293,43023.97152,50337.87637,29918.36206,40698.63071,11465.16006,57271.76721,51209.07269,291382.7935,60498.26671,12589.70607,92391.7494,82846.26613,23055.15324,16311.72239,1.11E+06
301,80275.43267,76171.60871,20758.99232,88319.11838,46832.72853,63258.46588,38535.17136,55093.21496,11920.32444,60146.17627,53749.59837,307595.8058,63524.17865,19182.75556,138420.7622,83752.70719,22522.7952,15961.10369,1.25E+06
302,64805.41753,61547.99593,17801.65149,71637.83214,38096.65651,63670.13097,38809.71298,55551.84324,11894.93292,59985.82629,53607.8742,306691.3569,63355.37703,16175.85995,117428.2857,70658.37543,33138.9572,22953.06137,1.17E+06
303,73357.5533,69632.22344,19436.52903,80859.58296,42926.13297,64034.34822,39052.61139,55957.61079,14040.97023,73538.26903,65586.1028,383133.476,77622.13498,18715.3661,135157.7084,66347.32509,38708.01638,26620.9242,1.34E+06
304,58475.76288,55697.24312,19081.64408,65621.38735,35212.41678,56491.6875,32926.7012,42939.92183,13731.05247,64015.16777,57464.09608,313590.341,67701.01924,11642.30263,86595.21488,88504.28941,28185.85974,20141.78597,1.12E+06
305,48469.66171,46238.6002,17168.8178,54831.82856,29561.87153,60181.69359,35387.58572,47050.88778,13005.34807,59432.27103,53413.5359,287740.6588,62876.56952,11976.66929,88929.57735,105865.1476,22539.46489,16422.98874,1.06E+06
306,46121.68268,44019.08485,16719.96405,52300.00749,28235.94433,68674.80375,41051.68569,56512.90106,13039.72186,59649.34501,53605.39517,288965.0576,63105.08493,13627.22924,100452.871,99415.37797,31084.51874,22050.88466,1.10E+06
307,64156.30442,61066.98834,20167.57045,71746.70388,38420.27531,68738.62909,41094.25114,56584.00767,14211.92202,67051.90761,60148.09664,330718.9748,70897.818,15154.06039,111112.3588,93717.48643,27069.06227,19406.24702,1.23E+06
308,92410.58471,87775.40788,25568.82805,102213.2375,54375.74952,89690.27184,55067.01222,79925.83634,14432.0183,68441.83792,61376.57651,338558.8322,72361.00805,13593.49698,100217.371,82191.0627,31146.50319,22091.70851,1.39E+06
309,84580.39086,80373.62308,24071.96125,93769.95524,49953.96086,79045.12268,47967.70609,68066.27713,13003.2117,59418.77969,53401.61168,287664.5613,62862.36709,12422.63241,92043.04439,88027.11954,23790.56179,17246.97923,1.24E+06
310,76507.22983,72742.16443,22528.64739,85064.68193,45394.96622,67524.25722,40284.38014,55231.09895,14376.50989,68091.29666,61066.75314,336581.6155,71991.99064,14915.33363,109445.701,69174.83916,45515.22437,31555.15589,1.29E+06
311,86168.17602,81874.53663,24375.49178,95482.06078,50850.59899,77691.13959,47064.72762,66557.83019,16681.53101,82647.73824,73932.35886,418686.7579,87315.66569,16002.48588,117035.5947,62234.17206,40423.24378,28201.50389,1.47E+06
312,80753.70497,76756.30453,23340.42904,89643.64753,47792.99313,72956.74594,43907.33553,61283.33183,15982.66719,78234.34247,70031.6109,393793.1404,82669.65091,18204.67449,132410.0535,81272.98319,42235.27408,29394.93324,1.44E+06
313,97334.62775,92430.04448,26510.13763,107522.8232,57156.40579,76625.04428,46353.74304,65370.11358,15573.71595,75651.77404,67749.02645,379226.2459,79950.96178,15604.45112,114256.7369,128872.9216,48857.11722,33756.17479,1.53E+06
314,105730.3018,100366.3706,28115.105,116575.8617,61897.52674,83857.5024,51177.10751,73427.65829,16253.07721,79942.00916,71540.91976,403425.1796,84467.32442,21476.94736,155255.2468,103217.5167,42804.30995,29769.70848,1.63E+06
315,127228.0807,120687.9535,32224.74929,139756.8735,74037.53717,77021.01994,46617.82129,65811.26257,18350.28475,93186.08692,83246.6022,478127.976,98409.46425,22309.19053,161065.5068,128887.2775,56941.64034,39080.75853,1.86E+06
316,116080.2763,110150.0727,30093.66817,127736.2184,67742.26068,87257.63692,53444.67516,77215.68382,18083.05968,91498.53358,81755.07037,468609.3854,96632.96421,18481.60882,134343.4554,130371.2433,52022.61688,35841.01861,1.80E+06
317,83528.18955,79378.99027,23870.81614,92635.36867,49359.77227,106653.9386,66380.17105,98824.73639,15534.17283,75402.05523,67528.31428,377817.7149,79688.08092,14733.44372,108175.8466,123813.4066,42979.00997,29884.76843,1.54E+06
318,70859.33956,67403.28404,21448.96283,78974.57319,42205.54618,91894.57813,56537.07571,82381.61226,15501.47044,75195.53635,67345.78406,376652.8518,79470.67695,19028.39604,138160.8203,91134.14091,42388.12137,29495.60066,1.45E+06
319,56810.28177,54122.88454,18763.26072,63825.50241,34271.90296,80761.64909,49112.46661,69978.62671,16020.93442,78476.00396,70245.20166,395156.2243,82924.04977,19343.73257,140362.3249,120797.5551,34618.41169,24378.35762,1.41E+06
320,96330.23017,91480.59995,26318.13097,106439.7834,56589.21245,80337.31371,48829.4751,69505.88269,18085.90501,91516.50208,81770.95171,468710.7362,96651.87979,21964.86025,158661.5839,124859.3599,37728.5976,26426.771,1.70E+06
321,95596.74053,90787.24132,26177.91269,105648.8629,56175.00352,78524.39409,47620.42945,67486.14326,15764.12191,76854.20695,68811.78809,386008.5302,81216.77192,24032.1907,173094.5378,110079.1139,42105.20389,29309.26713,1.58E+06
322,74579.2296,70919.6498,22160.07931,82985.72315,44306.20523,95768.15514,59120.38466,86697.0911,16377.65651,80728.73999,72236.26612,407862.7097,85295.52186,24104.35149,173598.3244,103389.689,40718.65457,28396.06572,1.57E+06
323,87747.97628,83367.90215,24677.49587,97185.55623,51742.72798,95416.39671,58885.7951,86305.20369,16479.34502,81370.91327,72803.84633,411484.8675,85971.54247,19085.29021,138558.0238,123701.2806,40869.05483,28495.1215,1.60E+06
324,119003.9394,112913.7751,30652.57313,130888.7984,69393.28243,88998.66025,54605.7728,79155.32495,20177.99157,104728.2404,93448.05116,543231.1229,110559.9756,19149.44338,139005.9056,145127.4145,44129.02767,30642.1867,1.94E+06
325,105813.2222,100444.7543,28130.95658,116665.2747,61944.35277,88139.99267,54033.12287,78198.69966,20793.43624,108614.8357,96883.19034,565153.3393,114651.4236,20913.29782,151320.1585,131618.5801,49784.3367,34366.85494,1.93E+06
326,105378.4131,100033.7346,28047.83585,116196.4208,61698.81168,91386.15654,56198.00667,81815.18939,21608.29513,113760.7521,101431.3713,594178.7156,120068.5683,26877.98094,192962.2661,130279.9508,54872.75797,37718.16271,2.03E+06
327,91592.27187,87001.86694,25412.39446,101330.8524,53913.64009,82281.84688,50126.29453,71672.25029,18944.8172,96940.61951,86565.0187,499305.2968,102361.8888,27324.13312,196077.053,112425.8348,55406.94575,38069.9865,1.80E+06
328,62902.03919,59881.34702,19927.79759,70394.23219,37711.9792,79811.77934,48478.99346,68920.3948,20016.9119,103711.006,92548.97585,537493.4447,109489.1253,27926.18649,200280.2555,118294.6634,61509.54961,42089.24957,1.76E+06
329,65182.81129,62037.33251,20363.80366,72853.58416,38999.95398,88820.04668,54486.65447,78956.33495,23296.05469,124419.1244,110851.6967,654296.9235,131288.7167,27610.85785,198078.8059,146225.9128,58461.31071,40081.63538,2.00E+06
330,84901.92249,80677.56292,24133.42716,94116.66215,50135.53298,74472.38736,44918.12479,62971.87925,22381.6025,118644.2663,105747.6301,621724.0215,125209.4804,23373.97357,168499.2311,189410.4649,46875.92785,32451.33486,1.97E+06
331,64811.73343,61686.55722,20292.86619,72453.45165,38790.40261,80971.69996,49252.55064,70212.64041,20530.15342,106952.1781,95413.66241,555775.1722,112901.1315,23113.16756,166678.4282,173277.322,51345.63097,35395.14591,1.80E+06
332,92247.50177,87621.24761,25537.65213,102037.3855,54283.65495,78444.3234,47567.02988,67396.93802,18514.75393,94224.72642,84164.59622,483986.3888,99502.84783,21608.05541,156170.5705,155161.0399,64005.55001,43733.15149,1.78E+06
333,75118.76075,71429.66188,22263.21932,83567.4985,44610.88386,94569.97253,58321.31035,85362.21852,17886.52757,90257.41339,80658.11526,461608.8868,95326.4277,20160.19794,146062.4331,129288.9927,64070.70927,43776.06633,1.68E+06
334,75214.46254,71554.71654,22931.08137,83881.68722,44844.97443,101472.945,62651.0216,91899.05113,19732.15248,94174.82904,84422.11497,467516.8208,99556.60666,19679.56911,143115.8046,167016.5801,55949.55081,38427.35403,1.74E+06
335,101511.9118,96413.36803,27958.25941,112238.1739,59695.4066,82376.91658,49915.77952,70624.5273,24577.86324,124775.9827,111468.7235,640121.6478,131770.6703,21758.55835,157630.1538,128456.1481,65892.97177,44976.23473,2.05E+06
336,128705.3458,122118.9828,33156.71927,141560.7992,75051.81034,99798.54711,61534.35683,90033.63616,27753.06663,144827.7133,129191.3008,753222.792,152879.2772,23568.24219,170264.3621,126547.0873,63001.304,43071.74056,2.39E+06
337,127254.2139,120747.2459,32879.3122,139996.0465,74232.34165,96770.47489,59514.91949,86660.11821,24333.77152,123234.5188,110106.3118,631427.0698,130147.9596,21871.24545,158416.8726,117019.0639,55196.52432,37931.39991,2.15E+06
338,114670.2998,108851.8285,30473.69575,126426.8373,67126.07972,90921.90163,55614.47513,80144.33343,24759.50704,125923.0817,112482.5787,646591.8228,132978.2299,18493.64863,134836.3659,99529.0283,56976.6434,39103.81205,2.07E+06
339,119766.4789,113669.1831,31447.91188,131922.0369,70003.94292,89499.76617,54666.04549,78559.95923,26973.64771,139905.604,124840.93,725459.7921,147697.7359,18320.66213,133628.6702,90696.28767,35647.58689,25056.18727,2.16E+06
340,128175.9371,121618.5393,33055.51433,140989.9388,74752.84795,97156.24655,59772.19264,87089.89911,25564.61597,131007.426,116976.3397,675269.904,138330.5573,20754.62778,150621.2676,111956.23,41671.70415,29023.75794,2.18E+06
341,139685.8927,132498.7572,35255.82645,153401.1008,81252.63483,95819.81852,58880.92174,85601.00994,23921.6991,120632.2398,107806.3063,616748.9985,127408.521,25580.82088,184315.0696,123894.7479,61902.28603,42347.91145,2.22E+06
342,148620.6813,140944.7016,36963.8542,163035.4654,86298.19918,95611.45425,58741.96251,85368.87524,23950.59754,120814.7363,107967.6046,617778.3645,127600.6365,28007.65045,201257.847,123338.9409,71746.3966,48831.3849,2.29E+06
343,143020.1265,135650.5668,35893.21856,156996.3984,83135.50993,96895.86019,59598.53961,86799.8076,24265.00013,122800.2205,109722.4604,628977.4246,129690.7706,28919.19989,207621.7793,113695.7533,66688.242,45500.0112,2.28E+06
344,131532.4196,124791.3805,33697.15965,144609.2271,76648.28714,97999.25324,60334.39825,88029.07691,22241.32035,110020.478,98427.17729,556893.696,116237.4399,26016.19017,187354.5764,142718.0904,38065.81001,26648.86396,2.08E+06
345,135890.3747,128910.9012,34530.25248,149308.4014,79109.26792,106527.258,66021.76961,97529.96561,23804.91847,119894.7583,107154.4886,612589.2577,126632.1687,27596.08684,198384.5383,132022.5957,32996.7006,23310.27527,2.20E+06
346,144580.2337,137125.3168,36191.45801,158678.6589,84016.51807,113000.9242,70339.09176,104742.1546,24359.76042,123398.6413,110251.3703,632352.7979,130320.7327,26906.76093,193572.0473,122442.1778,75740.44327,51461.92173,2.34E+06
347,149676.0245,141942.3044,37165.59993,164173.4399,86894.16202,115383.4754,71928.02769,107396.5098,27779.281,144993.2598,129337.6178,754156.5513,153053.5492,25245.47748,181973.8881,140825.4991,76232.49391,51785.99339,2.56E+06
348,152263.5088,144388.2211,37660.23893,166963.5189,88355.3402,122838.9221,76900.10444,115702.4819,26951.25426,139764.1871,124715.9397,724662.1345,147548.8653,31458.29738,225348.3489,137928.5526,72604.06579,49396.25821,2.59E+06
349,123727.8394,117413.808,32205.18931,136193.564,72240.96278,107413.3755,66612.72607,98517.17239,23710.5087,119298.5511,106627.5352,609226.37,126004.537,30083.67708,215751.5128,116669.2024,51090.29774,35226.97975,2.19E+06
350,122294.7397,116059.1166,31931.22938,134648.2555,71431.67707,103594.8065,64066.10226,94262.97692,22239.53988,110009.2341,98417.23949,556830.2754,116225.6034,29589.12232,212298.806,138697.6399,96812.48647,65340.27383,2.18E+06
351,110770.6598,105165.5473,29728.21718,122221.8632,64923.91404,119056.8913,74377.84813,111488.9929,25409.97328,130030.8418,116113.1928,669761.512,137302.4997,29850.18972,214121.4337,159580.3741,109468.9117,73675.97837,2.40E+06
352,126217.5087,119767.2614,32681.12943,138878.1695,73646.9039,137400.5469,86611.32886,131925.3125,24511.3657,124356.044,111097.5638,637752.9971,131328.5977,28549.82747,205043.026,179339.9017,117438.6312,78924.95077,2.49E+06
353,159587.5443,151311.5408,39060.34547,174861.0118,92491.29623,123635.9107,77431.62034,116590.3918,25922.92858,133270.2064,118976.2818,688033.0443,140712.6031,29943.4403,214772.4575,158016.3868,94017.40446,63499.39244,2.60E+06
354,161138.9239,152778.0406,39356.9165,176533.8613,93367.37578,115450.0726,71972.44171,107470.7044,27765.43585,144905.8262,129260.3403,753663.3853,152961.5073,31931.1795,228649.7495,125572.3798,73230.15963,49808.61267,2.64E+06
355,154296.0988,146309.6032,38048.80103,169155.2567,89503.16411,114452.9708,71307.46931,106359.8523,23599.67979,118598.6553,106008.9373,605278.6302,125267.7514,35962.45768,256793.8966,164550.4562,55106.58206,37872.16263,2.42E+06
356,129473.6263,122845.2288,33303.58837,142389.2344,75485.66598,107986.7923,66995.14074,99156.00516,21464.20269,105112.9013,94089.65112,529212.6671,111071.1972,30246.82808,216890.5426,161837.5261,40750.17825,28416.82766,2.12E+06
357,106687.3554,101305.6505,28947.62824,117818.8443,62618.03129,106591.8768,66064.86423,97601.95619,20779.70988,100790.26,90269.11582,504830.9472,106520.7204,28827.80692,206983.7243,174094.6066,37458.00251,26248.55315,1.98E+06
358,137576.0223,130504.3229,34852.49096,151126.0318,80061.16992,106238.1552,65828.96541,97207.88162,24050.18193,121443.6219,108523.4405,621325.5731,128262.669,29980.08784,215028.3103,204832.0268,40729.03691,28402.90367,2.33E+06
359,144539.2119,137086.5394,36183.61603,158634.4252,83993.35263,131503.6619,82678.66512,125355.7045,26868.27622,139240.1724,124252.7931,721706.4463,146997.2311,30988.175,222066.2154,186005.481,52912.91345,36427.38079,2.59E+06
360,140180.2988,132966.113,35350.34007,153934.2179,81531.83086,124139.6882,77767.59225,117151.6408,25110.41283,128139.0872,114441.1792,659091.131,135311.0356,31759.41594,227450.5917,180762.4536,61724.16115,42230.59582,2.47E+06
361,139779.9112,132587.6317,35273.79959,153502.4808,81305.72803,115200.3519,71805.90172,107192.4954,24045.17639,121412.0113,108495.5017,621147.275,128229.3924,34796.36341,248652.8736,188139.1534,62901.90538,43006.27519,2.42E+06
362,114408.2557,108604.1215,30423.60182,126144.2756,66978.10079,128900.927,80942.88752,122456.0469,21968.26804,108296.125,96903.1204,547167.5385,114422.2007,34234.91919,244733.1816,179278.7847,50899.87245,35101.56291,2.21E+06
363,136783.307,129754.979,34700.95075,150271.2485,79613.51567,121227.7429,75825.60057,113907.4977,23609.09071,118658.0862,106061.4649,605613.8484,125330.3148,30321.01744,217408.4916,133444.8494,55053.3673,37837.11462,2.30E+06
364,195324.5544,185093.2916,45892.04655,213396.1579,112672.3427,117107.6474,73077.88709,109317.3772,27422.2079,142738.307,127344.5941,741437.5625,150679.7435,34410.92385,245961.9484,160771.6495,70051.81544,47715.30926,2.80E+06
