9001,9003,9005,9009,9015,23017,23029,23031,25003,25009,25013,25021,25027,33007,33015,44007,50011,50019,,,
227362.4809,215436.9229,53116.68199,248299.9177,131069.3977,820618.4784,530742.546,844607.8595,4126.9838,16715.83369,15138.49143,74731.72805,17725.2648,21035.61352,152642.3041,322150.8828,44879.97141,31165.85983,,,
201270.489,190772.4877,48128.78041,220164.9753,116334.9893,748844.324,482875.9839,764645.6325,4080.612163,16422.99212,14879.66552,73079.96452,17416.98828,19443.66417,141528.1971,283865.9561,43954.9012,30556.59522,,4.86E+08,5.76E+08
186431.9301,176745.7826,45292.15253,204164.587,107955.5069,590454.013,377244.6499,588185.9846,3939.652156,15532.81541,14092.88927,68058.95132,16479.8926,15978.03071,117333.0676,222773.4602,35000.08668,24658.825,,,
191552.4229,181586.1208,46271.01664,209686.0041,110847.1003,607519.8545,388625.9496,607198.7156,3944.585589,15563.97054,14120.42551,68234.68084,16512.68984,17299.33365,126557.6715,253552.3506,36366.98345,25559.08296,,,
231153.5638,219020.5864,53841.40812,252387.8348,133210.26,775821.5073,500867.2097,794700.4018,4029.472212,16100.03815,14594.22499,71258.35302,17077.01223,19186.47679,139732.6576,313509.2564,47455.21128,32861.95001,,,
241750.7249,229037.9508,55867.22495,263814.7322,139194.5827,852233.7946,551826.9672,879829.8849,4119.683894,16669.73405,15097.74659,74471.70448,17676.73536,21481.6283,155756.1317,343511.2965,53337.59499,36736.17291,,,
217995.0632,206582.0195,51325.95027,238199.05,125779.5234,770316.513,497195.9,788567.3918,3844.746419,14933.47608,13563.16753,64678.39701,15848.96359,18807.7975,137088.9289,304880.9606,45509.65629,31580.57938,,,
168976.5928,160245.4695,41955.28561,185342.5319,98098.30363,551805.3391,351469.6455,545128.2285,3890.809076,15224.36642,13820.26886,66319.15467,16155.18604,14903.637,109832.2469,202588.0955,35241.01365,24817.50298,,,
130557.984,123928.8367,34610.95407,143915.8233,76402.93165,415056.7857,260271.3138,392779.2531,3767.460001,14445.40453,13131.78902,61925.44509,15335.16702,12279.4529,91511.64976,165258.0948,26903.75872,19326.46643,,,
138070.6163,131030.4346,36047.11389,152016.6796,80645.39012,449883.3648,283497.3431,431578.8858,3773.054143,14480.73211,13163.01304,62124.70915,15372.35663,12703.23394,94470.25379,173347.8836,28256.51375,20217.41044,,,
110487.3066,104956.2752,30774.12306,122273.6521,65068.8197,339699.8719,210015.3905,308825.5417,3666.018071,13804.78848,12565.58515,58312.07079,14660.78571,10221.94124,77147.24508,123694.76,22199.16273,16227.95154,,,
75250.72206,71647.57027,24038.08632,84278.1138,45170.36853,249724.5584,150010.3792,208585.7477,3610.987101,13457.26234,12258.42668,56351.86072,14294.94234,8713.679358,66617.39764,85608.51796,17283.33661,12990.31743,,,
118127.3613,112178.3238,32234.64171,130511.9077,69383.23486,358842.1902,222781.5035,330151.6362,3686.487128,13934.05265,12679.83435,59041.18118,14796.86307,11799.09484,88158.0563,128229.9239,38227.03499,26784.13978,,,
175566.2487,166474.5892,43215.00375,192448.1446,101819.5481,584773.7982,373456.4848,581857.7649,3703.697531,14042.73808,12775.89519,59654.21788,14911.27704,15708.77762,115453.2919,236001.4813,38763.18755,27137.2576,,,
190379.632,180477.496,46046.81889,208421.386,110184.8136,657835.015,422181.3956,663253.8837,3997.329703,15897.05495,14414.81976,70113.43281,16863.3303,17534.30186,128198.0891,265110.9655,42470.73392,29579.1012,,,
149441.5288,141779.2166,38220.84568,164277.9116,87066.65794,482474.7066,305232.6809,467888.283,3844.426807,14931.45769,13561.3836,64667.0124,15846.83883,13983.47925,103408.2161,182072.3671,32541.69684,23039.69393,,,
139679.8207,132551.5954,36354.73904,153751.8814,81554.12389,437501.6447,275239.9087,417784.6458,3795.742432,14624.01094,13289.64901,62932.86884,15523.18733,12708.76116,94508.8418,164068.4397,30435.47985,21652.50899,,,
164498.1611,156012.0637,41099.16177,180513.448,95569.28854,496042.9443,314281.4102,483004.3997,3799.442517,14647.37735,13310.30124,63064.66634,15547.78533,14030.81322,103738.6756,181780.4023,32185.84776,22805.32659,,,
150598.6615,142873.0397,38442.0501,165525.6455,87720.1023,483953.5669,306218.9406,469535.8532,3796.140745,14626.52633,13291.87221,62947.0568,15525.8353,13518.40984,100161.3595,179793.5243,29902.64458,21301.57599,,,
116724.4118,110852.133,31966.44546,128999.1101,68590.97525,390240.3723,243721.1168,365131.7567,3656.350991,13743.73989,12511.6278,57967.72819,14596.51941,11044.57726,82890.43332,129575.5505,24720.7854,17888.72866,,,
103295.3747,98157.83144,29399.27024,114518.6064,61007.46395,321639.9222,197971.1148,288705.2936,3482.399476,12645.21848,11540.70758,51771.55334,13440.09769,9940.219147,75180.4178,118436.802,19241.28758,14279.85223,,,
113735.4774,108026.7306,31395.06285,125776.1482,66903.09417,398628.7781,249315.3889,374477.1208,3805.858031,14687.89197,13346.1098,63293.18776,15590.43537,12786.42706,95051.062,146390.7504,29273.37979,20887.13311,,,
104965.1727,99736.27064,29718.47883,116319.1462,61950.41551,389366.5884,243138.3857,364158.2905,3803.500139,14673.00165,13332.94909,63209.19934,15574.76021,12883.12921,95726.18272,117249.8361,22229.46822,16247.91118,,,
123105.0624,116883.6826,33186.20888,135879.3528,72194.19235,413898.0829,259498.5688,391488.3643,3766.371768,14438.53223,13125.71499,61886.68211,15327.9325,12609.89633,93818.62241,150881.8581,29955.75745,21336.55689,,,
156376.6893,148334.9375,39546.61254,171756.0813,90983.01234,541479.0088,344582.9613,533623.8594,3901.496195,15291.85665,13879.91961,66699.83118,16226.23351,15609.31529,114758.9011,208397.148,34189.61253,24125.03501,,,
142954.4154,135647.029,36980.73019,157282.8702,83403.3202,513690.3347,326050.5479,502665.0234,3867.280845,15075.78326,13688.94471,65481.07614,15998.77143,14539.20554,107287.9887,197900.2194,30415.79725,21639.54575,,,
110814.2796,105265.3587,30836.62918,122626.2265,65253.46462,376844.0084,234787.011,350207.1212,3710.845252,14087.87666,12815.7906,59908.82061,14958.79476,11605.36866,86805.56767,135037.2815,25771.18302,18580.53571,,,
83604.8267,79544.60142,25635.10704,93286.32805,49888.01485,285459.2335,173842.0226,248397.073,3433.749289,12337.98762,11269.16381,50038.62754,13116.67346,8614.405309,65924.32132,104772.0347,17333.93096,13023.6396,,,
116357.056,110504.8762,31896.21953,128602.9911,68383.52577,441656.8419,278011.0316,422413.8724,3777.451205,14508.49999,13187.55549,62281.33304,15401.58809,12307.28151,91705.93365,171442.1076,30248.95609,21529.66175,,,
144839.7931,137429.2531,37341.1503,159315.8693,84468.01183,547957.8266,348903.7191,540841.7876,3905.002936,15314.00208,13899.49269,66824.74173,16249.54617,14605.42494,107750.2957,223186.4522,35200.6158,24790.89638,,,
152174.4947,144362.6553,38743.29583,167224.8633,88609.99107,534997.0906,340260.1358,526402.4769,3845.008781,14935.13292,13564.63192,64687.74239,15850.70777,14356.96039,106015.6542,206931.3403,33503.46614,23673.12909,,,
165731.4904,157182.3378,41417.99916,181870.3264,96288.78634,545798.7436,346563.1694,534643.2099,3908.538881,15157.84138,13768.42867,65570.50963,16087.60634,14508.85278,107644.6174,195327.0259,31016.05109,22070.20604,,,
232691.1728,220478.4923,54218.41344,254072.8174,134101.5876,760338.5796,489640.9178,773657.9809,4051.413629,16060.10986,14565.89216,70659.72612,17037.43113,18103.89106,132743.1798,287706.3327,45662.50269,31716.57068,,,
236539.7178,224116.4739,54954.12436,258222.6957,136274.8994,844979.3088,546088.2666,867954.6155,4085.39719,16274.71949,14755.57332,71870.22483,17263.35229,19550.37255,142841.7108,314880.3138,46014.69862,31948.53201,,,
155997.6637,147981.0726,39557.2225,171374.3606,90791.99721,542508.1271,344368.6399,530977.1964,3716.431021,13944.6608,12696.16779,58727.60348,14810.48207,13534.24602,100840.4539,198411.4749,33616.53691,23782.92358,,,
183306.2614,173795.5501,44777.69774,200821.1667,106213.435,549721.3305,349179.1634,539013.2898,3870.063649,14914.86639,13553.67699,64200.01702,15831.82475,14215.81061,105598.7597,205334.4714,36686.80124,25805.04402,,,
206868.2011,196068.3585,49281.93937,226227.9589,119519.0976,689092.7227,442126.68,694284.3201,3969.757148,15544.44093,14110.12189,67751.11201,16494.58258,16261.96772,119883.8931,260852.9935,37635.05746,26429.57927,,,
215888.1091,204594.7653,51006.23905,235954.1075,124612.7297,679956.4911,436033.679,684105.8174,4058.291737,16103.54581,14604.28271,70904.72519,17083.15648,17098.95129,125727.248,257199.3243,39792.098,27850.23733,,,
202987.1472,192399.6465,48540.01383,222043.0262,117327.4277,677384.7868,434318.5958,681240.7303,4010.181819,15799.72681,14335.75448,69191.04387,16763.32394,17083.43112,125618.8947,246592.8856,38058.67636,26708.5808,,,
211574.601,200517.2597,50181.64299,231302.8604,122176.8486,702303.9723,450937.3321,709002.7233,4043.075064,16007.45098,14519.34999,70362.70539,16981.99673,17819.93227,130760.7371,259958.5848,39628.05623,27742.19705,,,
150126.0125,142430.6737,38434.76244,165042.9709,87476.21711,473870.1396,298593.604,454508.9135,3840.935731,14730.92065,13391.09787,63162.47693,15638.18369,13545.50779,100919.0774,164658.9178,34130.30359,24121.29773,,,
121002.5582,114900.6348,32867.34834,133639.2087,71029.91168,431766.323,270514.3466,407601.8483,3652.64661,13541.8558,12340.1515,56455.59473,14386.44622,12091.37386,90767.12119,145109.6168,30898.15776,21992.55979,,,
156420.4134,148380.6926,39638.03786,171830.2108,91030.72817,489861.6772,309258.4448,472324.7829,3860.109793,14852.00679,13498.11898,63845.45943,15765.65198,13578.94166,101152.4941,167735.3399,31272.79922,22239.30407,,,
187086.8012,177369.2473,45500.40838,204897.7151,108348.3436,616895.3184,393977.8502,613850.5584,3963.145166,15502.68559,14073.21674,67515.59237,16450.62642,15602.30276,115278.4784,234519.3841,35112.20952,24767.99517,,,
150615.7841,142893.6488,38528.39013,165571.0907,87752.79605,510007.275,322693.6502,494768.6121,3861.37441,14859.99297,13505.17751,63890.50523,15774.05909,13509.15955,100665.3141,188797.336,30438.19151,21689.61938,,,
122488.938,116305.6912,33151.49362,135241.9691,71869.28522,426047.0558,266700.1371,401230.1209,3802.171822,14486.12264,13174.73492,61781.70161,15380.48299,12157.80426,91230.9014,157534.0552,23112.90888,16865.0824,,,
118531.2626,112564.5499,32394.92066,130974.4156,69634.34638,411907.3449,257270.2893,385477.3366,3792.702814,14426.32489,13121.88312,61444.41435,15317.53346,12080.46896,90690.98924,147723.3212,26430.68851,19050.22,,,
168877.7276,160156.4367,42019.45272,185262.9077,98065.4979,566846.1287,360599.7816,558091.7034,3864.811155,14881.69636,13524.3599,64012.92251,15796.90641,14712.14746,109063.9081,211904.2893,34732.87263,24518.15841,,,
147718.5998,140154.9765,37974.547,162447.0626,86116.72713,493270.6301,311531.8934,476122.6328,3634.082932,13424.62429,12236.53728,55794.35417,14263.03573,12569.99199,94108.56738,184062.0932,26408.52495,19035.62276,,,
153220.2139,145355.5838,39026.26853,168379.442,89223.54353,498100.6711,314753.0733,481503.6901,3847.291561,14771.05835,13426.57329,63388.87238,15680.43695,13625.47073,101477.3342,174571.0329,27924.84634,20034.29393,,,
93588.12021,88986.10777,27626.64004,104078.2753,55548.70479,289175.7794,175419.9609,248744.4222,3768.094543,14270.92117,12984.53066,60567.86462,15153.9388,9949.722096,75815.29705,102760.4198,20077.8107,14866.12289,,,
75648.81079,72028.30183,24197.25411,84734.35398,45418.19763,258516.5029,154973.1277,214587.5025,3704.337484,13868.2889,12628.66703,58296.83017,14730.08479,9815.801485,74880.33766,86673.78965,17056.56254,12876.2852,,,
131985.6055,125282.7727,34966.9335,145482.2065,77232.14814,442695.8656,277803.3162,419778.2448,3801.185862,14479.8962,13169.23173,61746.58158,15373.92838,12452.08992,93285.44056,166889.796,31655.46616,22491.33405,,,
166635.5325,158036.9176,41590.82127,182845.1532,96799.30795,515517.5752,326368.4985,500907.5333,3874.002767,14939.74232,13575.6634,64340.3289,15858.01183,14067.9742,104566.6479,207065.9367,33931.43015,23990.31681,,,
121229.5669,115115.2233,32910.74468,133883.9917,71158.10573,382823.9355,237874.4102,353076.0607,3739.65729,14091.33704,12825.80652,59554.9261,14964.88924,11548.01493,86973.69066,143022.4824,26622.92133,19176.82731,,,
137018.445,130040.2534,35929.04128,150909.1073,80074.2429,488813.3774,308559.3281,471156.892,3669.400713,13647.65965,12433.66547,57052.37799,14497.82673,12470.14837,93411.51463,188967.7453,28113.76201,20158.71652,,,
126915.2032,120489.7845,33997.645,140014.8019,74368.84132,420852.9153,263236.1375,395443.4273,3776.131365,14321.67452,13029.38864,60854.13726,15207.36723,11917.04619,89550.06213,166663.8112,23643.82655,17214.75245,,,
121196.8358,115084.283,32904.48761,133848.6978,71139.62217,401073.8229,250045.3564,373407.9148,3762.31271,14234.40831,12952.25903,60361.91502,15115.50144,11430.48432,86153.15717,148129.4875,22162.89035,16239.38647,,,
110630.4563,105096.016,30884.55516,122454.992,65172.68214,342625.0554,211065.565,308291.2491,3720.510237,13970.42147,12718.93617,58872.90568,14837.60051,10110.50089,76937.76537,131947.7381,18774.10146,14007.48115,,,
68193.9922,64843.41058,20181.61074,75854.37521,40490.3433,234719.9433,142887.2194,204013.6045,3712.590394,13461.00664,12286.60081,55038.47554,14307.64594,7518.888314,57847.391,76289.78141,17960.51534,13305.40889,,,
121950.1397,115658.4279,30457.95815,133819.5211,70846.9766,425631.7663,270207.3212,416704.8534,3817.770066,14125.22691,12873.66709,58784.98868,15006.87559,10446.31016,78285.02581,156847.2132,23836.0595,17175.12717,,,
106891.723,101423.8939,27579.30094,117582.0606,62343.3383,384113.8556,242518.8075,370450.5348,3766.196714,13799.53597,12585.80751,56947.9394,14664.0183,9529.544282,71884.67519,143572.4061,22933.57595,16580.73846,,,
103635.1855,98345.52952,26956.7617,114070.5427,60504.33903,343307.9754,215305.1508,324989.476,3598.734818,12741.99716,11651.10947,50982.92559,13550.73927,8561.741791,65128.01526,122783.2383,19894.37281,14579.07536,,,
118785.5225,112666.9546,29852.99095,130407.1207,69059.88565,387923.0164,245059.157,374694.2488,3779.470209,13883.35944,12659.89427,57420.74295,14752.25989,9997.205044,75149.62311,140994.6844,22429.53152,16248.76752,,,
100173.275,95073.02868,26294.96215,110337.5716,58549.36365,373122.1846,235188.4042,358204.9222,3794.854638,13980.51366,12745.76333,57968.73826,14854.53487,9920.244806,74612.32943,126853.1946,19258.84188,14160.50551,,,
127994.571,121372.1536,31613.44787,140337.2192,74260.32731,429050.2411,272487.1201,420513.3115,3847.791785,14314.8171,13041.23501,59854.36608,15206.4586,11250.87464,83902.04851,149066.1673,19744.11222,14480.11157,,,
113784.9997,107940.0226,28897.06103,125015.067,66236.04047,417980.3185,265104.5303,408180.5203,3853.637153,14351.73119,13073.86126,60062.57885,15245.31834,10945.03685,81766.8588,141036.0224,22806.19302,16496.84222,,,
114858.2456,108954.5486,29102.22915,126172.3459,66842.11317,397943.9711,251742.1845,385858.4048,3807.338107,14059.34803,12815.44052,58413.40099,14937.5244,10518.08812,78786.13972,138072.7263,20947.11208,15272.42466,,,
112464.5569,106691.8244,28644.63727,123591.2362,65490.37324,391045.1728,247141.3396,378172.5842,3775.91311,13860.896,12640.04013,57294.03866,14728.61246,10141.86885,76159.58549,137302.1862,21643.21411,15730.88751,,,
97263.13267,92322.10731,25738.64189,107199.571,56905.97719,330402.5909,206698.4818,310611.8314,3615.335989,12846.83523,11743.76984,51574.2614,13661.1031,8910.192606,67560.70549,112892.4503,19589.49535,14378.27866,,,
106074.1187,100651.0228,27423.0028,116700.4395,61881.62899,363845.6946,229001.864,347870.1602,3785.922898,13924.10882,12695.91032,57650.58856,14795.15707,10076.56076,75703.64067,127136.3197,19262.89273,14163.17346,,,
120641.1112,114421.0195,30207.7164,132407.9982,70107.75511,466915.9283,297739.9466,462698.7569,3857.553719,14376.4647,13095.7218,60202.08741,15271.35549,11486.48033,85546.91673,169716.824,21239.54148,15465.02288,,,
116322.1796,110338.3872,29382.08355,127750.9029,67668.81129,403505.1277,255450.9492,392053.984,3787.015914,13931.01133,12702.01105,57689.52194,14802.42339,10076.18277,75701.0018,141081.1781,22242.36239,16125.49522,,,
108718.3346,103150.5672,27928.48696,119551.6922,63374.84412,367438.5055,231397.9286,351872.8429,3774.035201,13849.03681,12629.55847,57227.14729,14716.1282,9711.555941,73155.37958,127815.6004,21382.35468,15559.08172,,,
123671.9219,117286.0071,30787.10435,135676.1153,71819.28417,421945.1585,267748.703,412597.6734,3834.387688,14230.16887,12966.41929,59376.91048,15117.34878,11130.6967,83063.03283,143775.7405,26085.13782,18656.40264,,,
115205.11,109282.4352,29168.53783,126546.3691,67037.99096,450086.8805,286516.5658,443949.8333,3891.511123,14590.90915,13285.25697,61411.65442,15497.10276,12111.17725,89908.20393,146030.6573,28653.43689,20347.92151,,,
121405.8122,115143.8818,30353.90122,133232.5737,70539.58938,479065.4298,305842.5132,476234.2866,3759.446377,13756.90691,12548.13012,56707.49155,14619.14237,12359.4012,91641.1658,160782.7142,27701.17888,19720.75063,,,
115078.6515,109162.8955,29144.36326,126410.0091,66966.57857,454364.7204,289369.4799,448715.6938,3906.176036,14683.51955,13367.11001,61934.02045,15594.59443,12346.54051,91551.37958,146414.6029,28064.01317,19959.71854,,,
116206.3959,110228.9382,29359.94963,127626.0536,67603.42706,377350.0899,238008.0165,362915.1514,3814.440339,14104.19934,12855.08203,58666.38338,14984.73971,10321.98211,77417.03638,134232.4483,24295.37164,17477.63678,,,
123914.3457,117515.1673,30833.44753,135937.5204,71956.1833,403554.5787,255483.9283,392109.0765,3806.125766,14051.69198,12808.67377,58370.21726,14929.46481,10218.0693,76691.57479,156086.8652,24306.47955,17484.95261,,,
96133.34824,91254.13614,25522.66552,105981.3267,56267.97664,359780.5953,226290.8279,343341.3101,3787.639839,13934.95148,12705.49352,57711.74621,14806.57122,9315.401373,70389.64823,128691.6735,20634.43708,15066.49239,,,
89944.42025,85403.81953,24339.55295,99307.81806,52773.0272,314216.1771,195903.6771,292578.8541,3727.15661,13552.99377,12367.90296,55557.32598,14404.48148,8846.961731,67119.26261,107045.3777,19055.67758,14026.69857,,,
88087.55751,83648.5503,23984.58394,97305.5667,51724.43828,304925.4588,189707.648,282228.2407,3699.153003,13376.14815,12211.59924,54559.83397,14218.31477,8684.337357,65983.90947,104477.0004,20493.0773,14973.39079,,,
97052.86189,92123.34095,25698.44526,106972.8364,56787.23518,362163.8036,227880.2021,345996.3973,3616.034612,12851.24711,11747.66925,51599.14644,13665.74751,8817.746314,66915.29677,133516.7828,18096.88643,13395.22487,,,
100317.8787,95209.72071,26322.60545,110493.4975,58631.02277,364063.2027,229146.9214,348112.4819,3768.642368,13814.98053,12599.45807,57035.05392,14680.2769,9397.408136,70962.17394,130989.0118,18033.32235,13353.36064,,,
94986.07887,90169.63668,25303.34663,104744.2284,55620.10217,322795.388,201625.198,302136.7906,3734.323343,13598.25241,12407.90449,55812.60593,14452.12559,8877.044402,67329.28312,112548.4288,17279.32116,12856.76456,,,
76844.53431,73020.66038,21835.30022,85182.23737,45375.3908,260774.5074,160263.1456,233040.5013,3690.44555,13321.15971,12162.99811,54249.67342,14160.42803,7851.107669,60166.76218,91992.76499,16018.5644,12026.41195,,,
74008.79469,70340.07101,21293.20324,82124.46504,43774.02033,248378.0445,151995.8791,219229.8365,3689.104105,13312.68835,12155.51076,54201.89098,14151.51016,7900.745751,60513.30772,81514.57723,14466.34094,11004.09515,,,
69250.01652,65841.65722,20383.48668,76993.0841,41086.69077,218722.041,132218.1339,186190.6444,3667.659793,13177.26535,12035.81811,53438.04188,14008.94936,7534.853836,57958.85341,73573.23397,14682.70343,11146.59461,,,
72598.27302,69006.72243,21023.55946,80603.50236,42977.48465,245525.0349,150093.192,216051.3526,3664.808665,13159.26019,12019.90438,53336.48435,13989.99519,7647.84296,58747.68078,87868.12764,15235.7079,11510.81134,,,
71272.82477,67742.83952,20564.48257,79107.45951,42171.97597,258357.334,159550.5314,234135.5602,3240.400442,11275.42586,10323.84973,44376.78071,11995.93023,6607.178664,51136.13206,95657.07384,18936.52006,13907.25028,,,
107199.7036,101704.071,27432.48009,117847.3407,62460.24318,371799.9562,235206.0146,360519.8386,3443.889095,12560.47729,11459.63315,51625.07212,13348.71349,8970.698617,67636.91678,140205.9517,21646.76655,15692.25777,,,
107495.6912,101983.8644,27489.06286,118166.5036,62627.39034,359233.9087,226825.6512,346520.2429,3438.41405,12525.90183,11429.07388,51430.05032,13312.31564,8957.948598,67547.90322,136728.3635,21217.57729,15409.58752,,,
90093.05808,85533.37185,24162.27119,99401.27927,52799.94964,312977.2301,195976.8283,294986.5527,3442.959717,12554.60817,11454.44577,51591.96754,13342.53502,8617.874479,65173.69444,109966.3289,23395.95668,16844.29966,,,
112567.6744,106778.347,28458.65358,123635.6129,65491.58991,427365.7049,272263.1055,422424.5876,3510.132838,12978.81323,11829.37635,53984.68256,13789.09886,10027.0037,75011.45271,148531.4428,29101.6262,20602.13604,,,
113634.8461,107787.1311,28662.6605,124786.3419,66094.23239,420603.6132,267753.4309,414891.0692,3486.570035,12830.01174,11697.85923,53145.37257,13632.45442,10151.49129,75880.55595,143257.2367,27974.1891,19859.58967,,,
97029.87795,92090.66136,25488.35526,106881.2382,56717.2411,354893.4118,223930.951,341684.5774,3395.2745,12253.4712,11188.28804,49893.41412,13025.52588,8716.443185,65861.84644,121333.2731,24617.92897,17649.10827,,,
104363.9085,99023.42914,26890.3725,114789.5086,60858.84137,367343.076,232233.6977,355554.5127,3296.379664,11628.94031,10636.30092,46370.76763,12368.07754,8528.143521,64547.24268,138417.6331,23029.55317,16602.98102,,,
102976.6022,97712.02574,26625.16671,113293.579,60075.41564,377982.1244,239328.9352,367407.2752,3472.638451,12742.03238,11620.09931,52649.1278,13539.83789,9597.8528,72015.35926,132743.3165,26397.81241,18821.36521,,,
103477.8802,98185.87762,26720.99402,113834.106,60358.49234,372669.8403,235786.1449,361488.96,3451.181166,12606.52746,11500.33426,51884.8166,13397.19084,9288.058647,69852.54839,139703.2028,23152.99568,16684.28204,,,
91863.30639,87206.76555,24500.68247,101310.1345,53799.62654,348667.2328,219778.6793,334748.1092,3417.853263,12396.05838,11314.31268,50697.6725,13175.62847,8660.89207,65474.01939,125084.8884,21500.78918,15596.11496,,,
76725.52913,72897.2131,21606.85422,84987.09967,45251.17257,277906.5718,172588.0213,255914.996,3374.331948,12121.21687,11071.396,49147.43779,12886.30075,7728.331089,58963.39613,97804.76767,19048.58331,13981.05675,,,
54690.40235,52067.68197,17394.4873,61226.66673,32807.71644,201922.5043,121913.8458,171262.5844,3327.801946,11827.3752,10811.68617,47490.03327,12576.97143,6639.440228,51361.3644,73581.4134,17436.97071,12919.62541,,,
53311.16351,50763.90467,17130.82373,59739.43627,32028.8465,263130.2201,162733.5943,239452.9422,3393.913299,12244.87508,11180.69042,49844.92796,13016.47668,7806.649246,59510.17004,87767.69221,29186.6794,20658.15331,,,
104462.2975,99116.43507,26909.18114,114895.6013,60914.40263,455021.5425,290706.9295,453235.4328,3385.01289,12188.6681,11131.01229,49527.8943,12957.30717,10537.23106,78573.57697,162992.0302,27200.79393,19350.22045,,,
108461.0087,102896.367,27673.59874,119207.4035,63172.51476,398365.3695,252922.6289,390115.8628,3517.472538,13025.16417,11870.34329,54246.12359,13837.89285,9880.543418,73988.94827,127565.7877,23639.63023,17004.78658,,,
91497.50497,86860.97803,24430.75368,100915.6915,53593.05483,306295.3822,191520.6686,287542.4323,3392.233444,12234.26663,11171.31421,49785.09132,13005.30908,8048.507337,61198.68902,109214.9216,20300.29396,14805.45147,,,
92153.1312,87480.73334,24556.08712,101622.652,53963.29351,312465.2099,195635.3593,294416.1206,3374.524809,12122.43481,11072.47247,49154.30753,12887.58289,7920.513363,60305.10612,115874.702,20477.62782,14922.24611,,,
99501.6655,94427.21136,25960.87698,109546.5617,58113.08421,346800.9554,218534.0491,332668.9249,3374.793989,12124.13471,11073.97491,49163.89576,12889.37238,8320.895289,63100.35054,128404.7272,21256.00124,15434.89409,,,
91809.4361,87155.84264,24490.3843,101252.0462,53769.20545,320981.8726,201315.1666,303904.3734,3381.631896,12167.31678,11112.14107,49407.46284,12934.83047,8339.725399,63231.81192,114460.5249,24101.25341,17308.81828,,,
72697.3343,69089.41065,20836.80035,80643.50527,42976.41072,257662.1933,159086.9384,233361.117,3331.50678,11850.7716,10832.36491,47621.99993,12601.601,7167.720295,55049.52266,89713.38036,17694.62159,13089.318,,,
56362.72929,53648.51183,17714.17934,63029.93352,33752.09617,219012.8017,133311.4553,190302.5613,3202.700112,11037.34446,10113.42321,43033.8902,11745.30015,6254.72124,48675.46992,73237.26281,14958.98083,11287.58547,,,
63509.18421,60403.96672,19080.3385,70735.9415,37787.77062,223011.0105,135977.8818,194756.8901,3320.665946,11782.31064,10771.85617,47235.84803,12529.53162,6770.311864,52275.03754,74082.89178,15605.90828,11713.66123,,,
59516.12306,56629.37571,18317.00099,66430.23168,35532.84912,203308.4499,122838.1402,172806.6402,3303.180442,11671.88791,10674.25985,46613.01218,12413.28879,6239.388909,48568.42809,74970.49469,13045.66494,10027.44798,,,
56177.28533,53473.21396,17678.72876,62829.96967,33647.37411,212116.1371,128712.0333,182619.1178,3313.705851,11738.35693,10733.00801,46987.92858,12483.26123,6453.863444,50065.77028,78757.99255,13495.84019,10323.9399,,,
50548.31828,48152.22146,16602.66168,56760.26581,30468.64021,181908.2451,108566.2307,148965.077,3305.363481,11685.67403,10686.44461,46690.77233,12427.80154,6273.983299,48809.94692,63601.82506,14677.02389,11101.88455,,,
62271.61498,59234.10793,18843.75735,69401.47308,37088.90292,210464.3097,127610.4209,180778.8482,3307.378317,11698.39792,10697.69052,46762.54102,12441.19607,6540.699233,50672.00957,71914.8795,15322.26035,11526.84661,,,
52554.6538,50048.78545,16986.2048,58923.69336,31601.63791,183015.466,109304.6422,150198.6108,3287.435042,11572.45412,10586.37601,46052.15906,12308.61409,6177.927233,48139.33678,63892.37663,14548.1599,11017.01287,,,
58099.66379,55290.41439,18046.22215,64902.8665,34732.96042,203886.8206,123223.8587,173450.992,3194.385284,10984.83548,10067.01352,42737.71498,11690.02356,6026.682879,47083.43263,71192.0396,17961.04258,13264.78672,,,
79320.54293,75350.24735,22102.93262,87785.29783,46716.60277,283361.9282,176226.2272,261992.7053,3346.452834,11945.15744,10915.78715,48154.38022,12700.96168,7646.58064,58392.65986,101341.5788,20034.10461,14630.13532,,,
74666.41709,70900.15983,20262.96818,82458.09996,43824.98037,252703.5322,159130.7088,241948.7821,3010.263042,10301.5199,9444.381786,39886.50141,10964.10671,5998.753137,46423.53465,86580.80394,15513.00126,11431.62428,,,
53700.34978,51081.19732,16254.96907,59850.43171,31985.23281,168112.3188,102716.3823,147707.3121,2957.323449,9967.201016,9148.896453,38000.78644,10612.16671,4920.808803,38897.92549,57210.82091,11743.20368,8948.781135,,,
49387.4696,47004.28536,15430.49304,55199.86168,29549.7063,152857.5647,92542.9064,130712.2793,2944.218746,9884.443493,9075.751814,37533.99528,10525.04725,4637.570485,36920.51274,53893.61134,11416.43025,8733.56343,,,
49043.25123,46678.90002,15364.69019,54828.6917,29355.32275,153487.6729,92963.12888,131414.271,2958.718445,9976.010561,9156.682705,38050.47639,10621.44058,4676.550036,37192.64633,54684.71562,11998.50059,9116.923368,,,
48995.11863,46633.40087,15355.48888,54776.79042,29328.14179,158034.4179,95995.37706,136479.7134,2945.026462,9889.544303,9080.260128,37562.76624,10530.41691,4699.278561,37351.32428,54453.23763,12218.90214,9262.083017,,,
49646.27167,47248.92774,15479.96719,55478.92743,29695.85442,168418.9159,102920.8536,148048.8861,2875.917523,9453.114361,8694.524677,35101.09713,10070.98384,4456.484723,35656.27244,59582.95446,10120.03051,7879.735834,,,
57339.28527,54521.03775,16950.60979,63774.28854,34040.17601,200579.0684,124368.629,183877.9035,2962.782077,10001.6728,9179.364094,38195.22346,10648.45542,5075.962479,39981.12236,64819.06917,13117.06225,9853.624241,,,
57143.17739,54335.65942,16913.12063,63562.82581,33929.43194,203322.7769,126198.4226,186934.6171,2977.003656,10091.48351,9258.74264,38701.79788,10742.99982,5258.72559,41257.07299,67348.57233,13561.08612,10146.06477,,,
56527.82534,53753.97478,16795.48624,62899.29292,33581.93649,186964.8489,115289.2341,168710.5591,2970.647679,10051.34488,9223.266397,38475.39719,10700.74558,5040.368727,39732.62654,67511.39251,12107.76254,9188.884865,,,
53698.16171,51079.12896,16254.55078,59848.07232,31983.99718,192402.1799,118915.4188,174768.1866,2975.419976,10081.48241,9249.903241,38645.387,10732.47159,5121.434724,40298.58435,64408.79886,11379.6564,8709.343646,,,
54318.81355,51665.82343,16373.19831,60517.31995,32334.48548,170571.6852,104356.5468,150447.2457,2965.700274,10020.10152,9195.652178,38299.17001,10667.85546,4846.593371,38379.79454,59744.79684,14649.81322,10863.11617,,,
78728.24663,74739.75675,21039.45186,86837.9626,46118.73608,279758.1802,177173.5963,272089.8533,2975.534497,10082.20563,9250.542447,38649.46626,10733.23292,5841.163364,45323.33031,92995.43978,14840.73824,10988.86215,,,
76017.26809,72177.10247,20521.20495,83914.71987,44587.81942,244395.1061,153589.7756,232692.5218,2905.270385,9638.480649,8858.359332,36146.64974,10266.12032,5354.934581,41928.75077,83067.91339,12020.52439,9131.428564,,,
65045.14835,61805.29423,18423.70877,72083.50521,38391.75384,200057.8778,124021.0442,183297.2548,2965.357219,10017.93509,9193.737395,38286.95034,10665.57485,5091.408731,40088.95953,72041.52581,12121.40747,9197.871614,,,
51782.20627,49268.00013,15888.28526,57782.10142,30902.03801,165123.1613,100722.8974,144377.1483,2953.495813,9943.029107,9127.532286,37864.44556,10586.72076,4733.694757,37591.59907,59356.95359,11596.15667,8851.93385,,,
54018.3954,51381.84189,16315.76857,60193.37966,32164.83634,187942.507,115941.2395,169799.7495,2970.782591,10052.19686,9224.019415,38480.20277,10701.64247,5002.141987,39465.74866,60514.22775,13004.18245,9779.27997,,,
54249.80382,51600.58939,16360.00599,60442.90689,32295.51499,179189.433,110103.7682,160048.1154,2958.531318,9974.828834,9155.638245,38043.8109,10620.19657,4978.426665,39300.18144,62346.82011,11467.98218,8767.516277,,,
51978.38365,49453.44417,15925.7877,57993.63909,31012.82134,196184.6921,121437.9962,178982.2119,2960.368339,9986.429805,9165.891679,38109.24581,10632.409,4853.691729,38429.35133,71812.97529,12726.10648,9596.135118,,,
75031.85382,71245.60262,20332.82725,82852.14965,44031.34614,258961.1067,163303.9182,248920.2273,2972.173301,10060.97934,9231.781744,38529.74005,10710.88785,5638.501309,43908.4563,91896.34839,13554.53465,10141.74989,,,
49645.58639,47248.27995,15479.83619,55478.18849,29695.46743,158368.0845,96217.90108,136851.4451,2878.627913,9470.230746,8709.65287,35197.64155,10089.00239,4580.865132,36524.62744,55037.85107,10827.20436,8345.490752,,,
51015.56328,48543.30205,15741.72919,56955.43182,30469.10706,164418.7205,100253.1022,143592.3442,2946.806653,9900.786387,9090.196363,37626.17685,10542.25153,4767.62697,37828.49494,56295.69041,12349.95121,9348.393822,,,
55345.13687,52635.99409,16569.39643,61624.00232,32914.0605,174355.7141,106880.1356,154662.9607,2945.083429,9889.90405,9080.578088,37564.79538,10530.79561,4805.078174,38089.95847,61528.21856,11995.88446,9115.200348,,,
53636.93968,51021.25654,16242.84721,59782.05672,31949.42449,170082.7907,104030.5004,149902.5776,2944.255048,9884.672745,9075.954437,37535.28837,10525.28858,4807.187764,38104.68646,59414.99207,11773.29211,8968.597811,,,
49794.07653,47388.64583,15508.22246,55638.30512,29779.3213,165104.4215,100710.3998,144356.2707,2955.170191,9953.602974,9136.877921,37924.08712,10597.85195,4766.805369,37822.75899,56681.8015,11817.34318,8997.610484,,,
51213.33689,48730.25498,15779.53677,57168.6907,30580.79179,163912.2417,99915.3288,143028.0858,2944.052135,9883.391327,9074.821865,37528.06057,10523.93962,4696.39355,37331.18274,59153.6627,11178.07015,8576.576029,,,
46948.39816,44698.66149,14964.22552,52569.81585,28172.33831,146769.4616,88482.71832,123929.6389,2926.440835,9772.174186,8976.523398,36900.74385,10406.86051,4532.044589,36183.78949,51188.90667,11050.72804,8492.706677,,,
50233.64794,47804.16722,15592.25356,56112.29408,30027.55166,201745.2051,125146.3317,185177.0743,2881.311275,9487.17645,8724.630208,35293.22325,10106.84125,4597.206147,36638.71133,72877.13267,10074.22712,7849.569059,,,
60374.96308,57390.62621,17530.92816,67047.65382,35754.45359,219416.6955,136931.5418,204864.5472,2968.156608,10035.61351,9209.362341,38386.66492,10684.18505,5300.515091,41548.82409,74325.63482,11939.93745,9078.352837,,,
49320.32559,46940.81496,15417.65739,55127.46043,29511.78941,161607.6756,98378.40151,140460.6123,2945.333334,9891.482228,9081.972949,37573.69704,10532.45698,4779.638032,37912.34951,55104.2157,11136.46893,8549.176865,,,
48204.4558,45885.99714,15204.34103,53924.22028,28881.6466,151944.8337,91934.20127,129695.423,2939.122482,9852.260072,9047.30673,37352.46573,10491.16752,4667.376917,37128.60471,52943.78264,11427.65224,8740.954401,,,
50093.77446,47671.94656,15565.51451,55961.46879,29948.56371,157080.5753,95359.25444,135417.0555,2939.314781,9853.47446,9048.380058,37359.31544,10492.44591,4721.878903,37509.10733,55177.13349,11097.49796,8523.510022,,,
41387.67888,39431.29157,13696.67293,46507.26688,24975.45244,121974.635,72641.03832,99229.56927,2644.784635,8591.624946,7909.788277,31493.23369,9155.871572,3607.071037,29107.57898,38602.19845,10822.29032,8262.497236,,,
39933.68587,38056.85007,13418.71891,44939.42914,24154.36807,119921.4239,71271.74102,96942.12567,2636.986462,8542.378696,7866.262335,31215.46179,9104.029676,3575.753003,28888.93385,38183.75594,10556.95492,8087.743506,,,
37652.50836,35900.48136,12982.63534,42479.64002,22866.16435,129435.9892,77617.05478,107542.1228,2592.996464,8264.57741,7620.729675,29648.53254,8811.586182,3409.35118,27727.20866,41625.56302,9454.0799,7361.374086,,,
53226.55775,50622.43643,15959.86398,59273.10617,31660.98555,200006.7946,124681.0972,186163.7215,2681.432586,8823.060467,8114.34089,32798.63833,9399.505478,4451.341699,35001.80823,62167.03479,12668.63272,9478.525019,,,
47576.30206,45281.32004,14879.72723,53180.44682,28470.22975,166715.7107,102479.0977,149074.7549,2680.661271,8818.189532,8110.03575,32771.16398,9394.377809,4223.868241,33413.71478,48604.19532,12121.99717,9118.502948,,,
46795.11475,44542.8734,14730.39079,52338.09411,28029.08547,151994.7533,92661.61359,132674.4149,2663.554138,8710.15626,8014.551323,32161.80577,9280.650374,3885.86922,31053.99318,47109.16749,11853.70001,8941.798562,,,
45498.35812,43317.0655,14482.49502,50939.80405,27296.79406,139129.0655,84081.41854,118340.9957,2655.533935,8659.507863,7969.786103,31876.12511,9227.332427,3800.204457,30455.92935,44392.30945,11344.00364,8606.105168,,,
43402.3728,41335.75666,14081.8139,48679.70729,26113.17022,132162.8706,79435.62639,110580.0897,2649.403681,8620.794692,7935.569746,31657.7647,9186.578782,3661.788914,29489.58883,42258.35751,10927.06823,8331.505481,,,
40498.84062,38591.08382,13526.75728,45548.83437,24473.5166,122351.4954,72892.3685,99649.4223,2641.729611,8572.332158,7892.736486,31384.41334,9135.56191,3607.80817,29112.72523,38720.09985,11023.6637,8395.124655,,,
37199.77641,35472.51948,12896.08839,41991.46006,22610.5021,115084.6318,68046.05883,91553.5471,2591.450782,8254.816269,7612.102362,29593.47513,8801.310556,3377.551292,27505.19949,37550.4796,9692.737291,7518.557292,,,
43591.25659,41514.30616,14117.92206,48883.3803,26219.83478,132141.5831,79421.42963,110556.3737,2648.340712,8614.081933,7929.636723,31619.9016,9179.51221,3710.746105,29831.38077,42446.66659,11436.74514,8667.18606,,,
45786.1437,43589.10563,14537.50983,51250.12266,27459.30945,135054.2194,81363.88212,113801.2867,2648.467319,8614.88147,7930.343388,31624.41136,9180.353889,3717.287978,29877.0525,43332.39487,11280.50193,8564.282021,,,
42298.65699,40292.42784,13870.82097,47489.57275,25489.89088,125550.3603,75025.70841,103213.2172,2642.232218,8575.506176,7895.541819,31402.31628,9138.903223,3595.508516,29026.85588,39898.46606,10846.49804,8278.440788,,,
40792.1292,38868.32587,13582.82408,45865.08686,24639.13959,121043.8784,72020.31186,98192.631,2647.516392,8608.876265,7925.035731,31590.5392,9174.032165,3587.80038,28973.04195,38134.24646,11002.88555,8381.439863,,,
42338.97099,40330.53617,13878.52763,47533.04325,25512.6566,131822.0229,79208.31324,110200.3577,2649.055897,8618.598395,7933.628566,31645.37656,9184.266724,3705.7402,29796.43232,40326.03088,11500.7883,8709.36581,,,
43172.62263,41118.57668,14037.89348,48431.96814,25983.428,128155.7057,76763.227,106115.7832,2636.982005,8542.350548,7866.237457,31215.30303,9104.000044,3643.765689,29363.76068,40824.00377,10706.30749,8186.109269,,,
36648.16807,34951.09098,12790.63963,41396.6619,22299.00336,112011.2794,65996.42389,88129.58332,2588.51858,8236.299115,7595.736109,29489.02972,8781.817409,3301.79464,26976.30859,36702.60596,9075.459229,7112.009042,,,
40359.14826,38459.03438,13500.05285,45398.20438,24394.63093,120088.9772,71383.48316,97128.79357,2644.295346,8588.535039,7907.057286,31475.80517,9152.618804,3615.169111,29164.11524,37937.41436,10804.84595,8251.00812,,,
40232.03225,38338.87319,13475.75259,45261.13544,24322.84725,119276.2549,70841.47439,96223.35506,2642.229854,8575.491247,7895.528624,31402.23207,9138.887506,3561.162861,28787.07357,37783.79826,10837.30133,8272.383706,,,
40881.55198,38952.85611,13599.91868,45961.51126,24689.63753,123091.3556,73385.78519,100473.6866,2643.790996,8585.350014,7904.242224,31457.84013,9149.265904,3628.237989,29255.35489,38142.07559,10929.05162,8332.811773,,,
40407.5647,38504.80184,13509.30843,45450.41173,24421.97218,120945.7629,71954.8781,98083.32236,2642.121352,8574.806045,7894.923013,31398.36721,9138.166189,3593.94734,29015.95661,38051.90099,10702.95607,8183.901973,,,
40595.19385,38682.16533,13545.17674,45652.73186,24527.92823,124012.4909,74000.09519,101499.906,2645.129387,8593.802089,7911.712529,31505.51379,9158.163467,3642.507976,29354.98002,38797.41667,11161.77581,8486.087287,,,
41719.17476,39744.6505,13760.04367,46864.71822,25162.65148,130370.8601,78240.52512,108583.6447,2639.862723,8560.542574,7882.316348,31317.91457,9123.150927,3666.424307,29521.95058,41003.33506,10568.49735,8095.345518,,,
37206.20609,35478.59737,12897.31752,41998.39317,22614.133,117364.845,69566.74507,94093.8895,2591.820424,8257.150598,7614.165542,29606.64184,8803.767922,3388.092665,27578.79351,38260.52368,9237.265891,7218.577247,,,
40460.04943,38554.415,13519.34172,45507.00591,24451.61083,121848.3652,72556.82832,99088.89446,2645.319798,8595.004555,7912.77532,31512.29626,9159.429311,3600.629313,29062.60644,38118.84714,10980.10913,8366.438984,,,
42652.58741,40626.99386,13938.48043,47871.2152,25689.75892,129750.2888,77826.66285,107892.278,2646.547584,8602.758151,7919.62828,31556.03017,9167.59158,3695.631057,29725.85589,39803.66631,11219.6931,8524.232447,,,
40782.23903,38858.97682,13580.93342,45854.42231,24633.55451,121347.3608,72222.70587,98530.73499,2643.153253,8581.322603,7900.682626,31435.12365,9145.026218,3604.90586,29092.46292,38287.65521,10734.49879,8204.676469,,,
40360.29127,38460.11484,13500.27136,45399.43688,24395.2764,120778.3,71843.19619,97896.75509,2642.703991,8578.48547,7898.175047,31419.1209,9142.039548,3599.948678,29057.85463,37954.95519,10852.77107,8282.572301,,,
40094.88585,38209.23041,13449.53487,45113.25076,24245.39931,118654.3287,70426.70855,95530.47888,2641.562058,8571.274048,7891.801283,31378.4451,9134.44803,3569.445155,28844.89595,37588.57127,10798.1157,8246.575483,,,
39205.98815,37368.96647,13279.60785,44154.75415,23743.4299,116303.2346,68858.75145,92911.16937,2632.889701,8516.507236,7843.396032,31069.53465,9076.794596,3505.909337,28401.32413,37392.26426,10405.5804,7988.046065,,,
36851.80146,35149.26733,12936.31527,41650.91342,22443.58551,105758.851,63176.59823,86849.36487,2741.673829,8633.086234,7968.667666,30533.7767,9207.353136,3046.805065,25240.95506,32989.20244,9188.863786,7070.093622,,,
42502.68139,40490.97381,14016.57135,47744.2459,25634.69383,116840.2894,70566.86795,99194.98567,2790.756663,8943.049297,8242.62628,32282.11342,9533.653573,3308.688451,27069.27954,34257.52725,11051.44819,8296.818623,,,
42396.9399,40391.01769,13996.35718,47630.22506,25574.98055,116666.7418,70451.12813,99001.63956,2789.187181,8933.137857,8233.866125,32226.20826,9523.219725,3312.209253,27093.85983,34369.27059,11036.91301,8287.24554,,,
42467.09702,40457.33635,14009.76883,47705.87534,25614.59898,116442.1562,70301.35079,98751.43295,2788.935813,8931.550444,8232.463102,32217.25451,9521.548644,3311.249745,27087.16107,34306.29759,11038.73369,8288.444669,,,
42531.49937,40518.21508,14022.08037,47775.32026,25650.96763,116251.1706,70173.98149,98538.65952,2789.784753,8936.911583,8237.201506,32247.49385,9527.192355,3293.335922,26962.0967,34225.15444,11032.2284,8284.16019,,,
42526.37827,40513.37417,14021.10139,47769.7982,25648.0757,116256.3071,70177.40708,98544.38205,2789.928455,8937.819077,8238.003588,32252.61253,9528.147681,3328.510577,27207.66662,34115.99037,11050.15825,8295.969047,,,
42376.37264,40371.57571,13992.42541,47608.04742,25563.36602,119276.2869,72191.44753,101908.8844,2786.732987,8917.63937,8220.167899,32138.78954,9506.904352,3320.117059,27149.06774,34995.65232,11010.24251,8269.679967,,,
38127.85851,36355.50818,13180.25399,43026.88318,23164.18767,109497.7192,65670.06913,91014.76715,2743.029824,8641.64948,7976.236229,30582.07741,9216.367729,3093.439652,25566.53188,34257.90651,9218.187894,7089.406903,,,
42796.88371,40769.0796,14072.81283,48061.48367,25800.83282,118144.521,71436.66685,100648.0054,2789.659697,8936.121843,8236.5035,32243.03934,9526.36099,3325.593582,27187.30178,34761.02521,11090.21381,8322.350215,,,
42470.62467,40460.67099,14010.4432,47709.6792,25616.59108,116523.7681,70355.77825,98842.35532,2788.043379,8925.914634,8227.481932,32185.46591,9515.615785,3309.636019,27075.89493,34216.0936,11027.02076,8280.730365,,,
42303.89331,40303.06191,13978.56983,47529.89311,25522.43622,116936.3588,70630.93714,99302.01478,2789.656657,8936.102642,8236.486529,32242.93104,9526.340777,3299.29753,27003.71734,34187.13816,11147.75637,8360.248579,,,
42589.02391,40572.59232,14033.07711,47837.34886,25683.45231,119608.2325,72412.82381,102278.6987,2789.990241,8938.209259,8238.348447,32254.81334,9528.558428,3333.096437,27239.68255,34689.80307,11146.39243,8359.350267,,,
42784.13361,40757.02709,14070.37545,48047.73527,25793.63271,117868.5919,71252.64829,100340.598,2790.268377,8939.965717,8239.90088,32264.72059,9530.407465,3318.026185,27134.47042,34743.39502,11082.78981,8317.460663,,,
41531.75885,39573.17282,13830.96398,46697.30208,25086.40418,116644.9685,70436.60743,98977.38238,2785.663067,8910.882718,8214.196082,32100.67887,9499.791574,3292.789573,26958.28239,34687.22517,10859.72067,8170.544104,,,
36680.54441,34987.38017,12903.57675,41466.24729,22346.87494,105777.6101,63189.10879,86870.26407,2741.325886,8630.888934,7966.725598,30521.38289,9205.040021,3074.536938,25434.56361,32950.52347,9073.885145,6994.367028,,,
42229.89299,40233.11032,13964.42349,47450.09871,25480.6475,116584.5757,70396.33111,98910.09983,2788.307006,8927.579463,8228.953378,32194.85632,9517.368362,3304.096301,27037.21969,33882.85828,10992.40916,8257.934662,,,
42220.27075,40224.01454,13962.58404,47439.72307,25475.21372,116333.8587,70229.12666,98630.78084,2789.001347,8931.964299,8232.828884,32219.58885,9521.984312,3304.634197,27040.97499,34126.84449,11030.82127,8283.233434,,,
42546.49126,40532.38674,14024.94631,47791.486,25659.43371,116793.0432,70535.35919,99142.34955,2788.949969,8931.639838,8232.542112,32217.75873,9521.642749,3310.87794,27084.56534,34096.01534,11031.0927,8283.4122,,,
43172.59588,41124.23564,14144.63622,48466.61335,26013.00124,119679.0683,72460.06454,102357.6155,2791.32645,8946.647556,8245.806575,32302.40929,9537.441487,3347.782305,27342.21113,34421.42853,11281.74585,8448.495985,,,
42811.0452,40782.46628,14075.52003,48076.75397,25808.82995,117997.8185,71338.83022,100484.5669,2789.154838,8932.93361,8233.685603,32225.05622,9523.004713,3324.558985,27180.0788,34373.34089,11060.67842,8302.897781,,,
41802.05612,39828.68146,13882.63563,46988.76308,25239.04375,117374.3995,70923.0688,99790.02764,2785.501381,8909.861658,8213.293625,32094.91961,9498.716697,3308.755915,27069.75054,34713.30651,10685.85811,8056.035713,,,
36757.2615,35059.89989,12918.24245,41548.97117,22390.19785,106312.3845,63545.75263,87466.04605,2742.052957,8635.480465,7970.78379,30547.28128,9209.87356,3082.762523,25491.99009,32987.43864,9180.13915,7064.34745,,,
42328.34209,40326.17304,13983.24361,47556.25618,25536.24269,116457.7284,70311.73601,98768.78171,2789.020694,8932.086473,8232.936867,32220.27797,9522.112926,3295.550883,26977.56033,33820.8034,10997.58149,8261.341236,,,
42347.86066,40344.6237,13986.9749,47577.30302,25547.26502,115817.059,69884.47023,98055.02409,2788.277095,8927.390571,8228.786428,32193.79088,9517.169515,3284.18179,26898.18763,33943.01678,11051.39205,8296.781644,,,
42213.02134,40217.16177,13961.1982,47431.90605,25471.11991,115712.9531,69815.04142,97939.04162,2788.986115,8931.868103,8232.743862,32219.04626,9521.883046,3302.555442,27026.46228,34080.56189,11057.42191,8300.753,,,
42250.5177,40252.60661,13968.36623,47472.33829,25492.29448,115744.071,69835.79411,97973.70949,2788.592559,8929.382759,8230.547209,32205.02775,9519.266706,3306.103177,27051.23059,34022.91142,11041.51895,8290.279079,,,
42221.51617,40225.19182,13962.82212,47441.066,25475.91702,115670.5265,69786.74687,97891.77491,2788.429337,8928.351995,8229.636176,32199.21376,9518.181613,3290.167133,26939.97398,33799.46955,11027.30958,8280.920581,,,
41233.78997,39291.50654,13774.00246,46376.00283,24918.13818,113805.8142,68543.16042,95814.33426,2783.281248,8895.84129,8200.901824,32015.83817,9483.957351,3261.826245,26742.11362,33987.77517,10736.21186,8089.199416,,,
36556.01573,34869.66477,12879.7711,41331.96827,22276.55236,104789.7114,62530.2739,85769.66476,2740.358562,8624.780185,7961.326424,30486.92669,9198.609295,3052.275054,25279.1435,32662.49769,9158.60443,7050.164373,,,
42547.84751,40533.66878,14025.20558,47792.94844,25660.19959,116898.9574,70605.99397,99260.34661,2789.216958,8933.325904,8234.032329,32227.26894,9523.417684,3301.4274,27018.58691,34242.88598,11067.87717,8307.638981,,,
42433.34179,40425.42794,14003.31598,47669.47714,25595.53707,115923.185,69955.24617,98173.25699,2788.204535,8926.932351,8228.381433,32191.2063,9516.687142,3307.005024,27057.52679,34086.64023,11012.98901,8271.488851,,,
41693.75739,39735.2342,14029.56282,46926.43475,25224.35006,116099.0954,70264.00948,99175.54186,2812.889384,8977.429017,8277.120636,32255.54773,9571.292987,3284.637725,26855.20964,34922.471,10701.45052,8066.305097,,,
41471.45923,39525.09852,13987.06697,46686.7311,25098.81608,115153.127,69633.13812,98121.65629,2813.476215,8981.134914,8280.396065,32276.45072,9575.194212,3272.127103,26767.86742,34510.81887,10710.06783,8071.980583,,,
41427.97627,39483.99461,13978.75451,46639.84351,25074.26082,115337.6132,69756.17298,98327.18894,2813.411417,8980.725707,8280.034391,32274.14261,9574.763437,3269.657944,26750.62912,34419.51999,10747.57598,8096.683994,,,
40577.38485,38679.94113,13816.15035,45722.65249,24593.92334,114065.3245,68907.67694,96909.75618,2808.103819,8947.207691,8250.409735,32085.08531,9539.47877,3253.939573,26640.89217,34628.18995,10523.78641,7949.292947,,,
35891.33082,34250.27257,12920.33617,40669.68985,21947.66184,104127.4825,62280.0777,85838.19452,2766.377774,8683.703494,8017.513454,30598.79833,9262.085929,3047.26808,25198.0265,33610.01983,8841.525096,6841.331342,,,
41504.98652,39556.79145,13993.47625,46722.88351,25117.74927,115369.8836,69777.69429,98363.1408,2812.455155,8974.686819,8274.696963,32240.08045,9568.406254,3278.964567,26815.6028,34474.5037,10754.54757,8101.275583,,,
41411.10717,39468.04846,13975.52971,46621.65359,25064.73466,114719.8236,69344.16585,97638.92126,2812.525354,8975.13013,8275.088781,32242.58093,9568.872931,3269.922434,26752.47564,34489.71795,10750.50918,8098.615843,,,
41438.85622,39494.2793,13980.83438,46651.57534,25080.40483,115261.426,69705.36333,98242.31021,2811.663488,8969.687362,8270.27823,32211.88118,9563.143289,3289.541655,26889.44615,34627.11889,10808.26935,8136.65752,,,
41437.48021,39492.97857,13980.57134,46650.09158,25079.62778,115211.4463,69672.03159,98186.62875,2812.909431,8977.555614,8277.232527,32256.2618,9571.426256,3252.558041,26631.24708,34511.6921,10766.51075,8109.154707,,,
41518.5412,39569.60452,13996.06744,46737.49949,25125.40373,115382.9957,69786.43879,98377.74869,2812.417927,8974.45172,8274.489173,32238.75438,9568.158763,3269.64217,26750.519,34500.03313,10747.142,8096.398167,,,
40606.52526,38707.4872,13821.72101,45754.07454,24610.37923,115841.1009,70091.95155,98888.115,2809.752884,8957.621706,8259.614086,32143.82523,9550.441681,3280.592983,26826.97149,34845.69209,10528.21037,7952.20663,,,
36087.07717,34435.30916,12957.75622,40880.76274,22058.20176,106019.4277,63541.82591,87945.97481,2766.766463,8686.158107,8019.682946,30612.64349,9264.669918,3056.758129,25264.28076,33493.37597,8848.205184,6845.730945,,,
41759.97433,39797.82825,14042.22125,46997.83635,25261.74343,118816.9952,72076.59118,102203.5026,2813.245898,8979.680439,8279.110538,32268.2468,9573.663075,3288.956392,26885.36017,35004.77152,10773.93645,8114.045377,,,
41631.31698,39676.21005,14017.62634,46859.10538,25189.08934,117009.1986,70870.96211,100189.4706,2813.063179,8978.52655,8278.090682,32261.73833,9572.448367,3285.147155,26858.7662,34583.70708,10750.36169,8098.518701,,,
41528.35556,39578.88191,13997.94361,46748.0823,25130.946,116162.5655,70306.33804,99246.25271,2812.846851,8977.160417,8276.883235,32254.0327,9571.010229,3292.065008,26907.06281,34592.46804,10717.92616,8077.156195,,,
41515.73776,39566.95446,13995.53152,46734.47655,25123.82061,115244.1896,69693.8683,98223.10748,2812.883822,8977.39389,8277.089589,32255.3496,9571.256008,3273.024173,26774.13027,34584.62282,10806.84149,8135.717114,,,
41464.15554,39518.19442,13985.67075,46678.85554,25094.69161,115819.9739,70077.86185,98864.57783,2813.604207,8981.943198,8281.110462,32281.00983,9576.045099,3278.009788,26808.93706,34619.62806,10801.57138,8132.246141,,,
40538.70099,38643.37376,13808.75531,45680.93976,24572.07818,114485.6101,69187.96759,97377.98836,2808.704081,8950.998406,8253.760131,32106.46672,9543.469284,3244.695806,26576.35732,34505.04754,10553.29291,7968.726354,,,
36040.7845,34391.54927,12948.90663,40830.84544,22032.05982,105238.737,63021.17919,87076.22212,2767.093423,8688.222891,8021.50789,30624.28984,9266.843532,3045.531675,25185.90388,33763.50194,8947.270653,6910.976894,,,
41755.76732,39793.85141,14041.41701,46993.29994,25259.36769,117813.4783,71407.34044,101085.5033,2813.367209,8980.44653,8279.787643,32272.56792,9574.469545,3295.349406,26929.99265,34842.98995,10811.05122,8138.489701,,,
42106.5451,40125.43728,14108.47379,47371.54291,25457.45541,119322.9838,72414.03765,102767.2149,2813.728459,8982.727862,8281.803982,32285.4357,9576.871121,3341.937736,27255.24651,35301.10433,10776.90429,8116.000038,,,
41727.9587,39767.56427,14036.10095,46963.31395,25243.66388,117673.7708,71314.16877,100929.8579,2813.07641,8978.610104,8278.164531,32262.20962,9572.536326,3310.564212,27036.21398,35038.94912,10763.48875,8107.164371,,,
41860.51264,39892.86586,14061.44075,47106.24661,25318.51842,118107.994,71603.75455,101413.6178,2813.768831,8982.982811,8282.029316,32286.87373,9577.139507,3306.178849,27005.59782,35018.4145,10885.98285,8187.840758,,,
43111.68551,41075.584,14300.62246,48455.38379,26025.06823,122543.8456,74562.04735,106355.516,2814.415326,8987.065498,8285.637769,32309.90199,9581.437382,3349.345208,27306.96138,35781.67216,10830.81718,8151.50785,,,
41087.44422,39162.0939,13913.65636,46272.64848,24881.95896,115955.8584,70168.48393,99015.96416,2808.987402,8952.787608,8255.341504,32116.55865,9545.352791,3270.295999,26755.08367,35088.62348,10491.81921,7928.238889,,,
36869.0193,35174.46932,13107.23696,41723.92937,22499.77229,108039.8175,64889.2345,90196.8528,2766.663812,8685.509853,8019.109992,30608.98704,9263.987497,3050.595384,25221.25589,34648.69065,8907.387033,6884.708966,,,
41509.572,39561.12604,13994.35284,46727.82802,25120.33874,116016.147,70208.69074,99083.13059,2812.853571,8977.202854,8276.920743,32254.27207,9571.054904,3283.887727,26849.97357,34485.85497,10791.71987,8125.757794,,,
41453.34789,39507.97809,13983.6047,46667.20167,25088.58842,115198.4224,69663.34591,98172.11911,2812.676857,8976.08689,8275.934406,32247.97751,9569.880119,3286.426109,26867.69514,34661.33202,10731.8823,8086.347906,,,
41482.21849,39535.26911,13989.12377,46698.33278,25104.89194,114884.129,69453.74195,97821.97072,2812.800777,8976.869454,8276.62607,32252.39154,9570.703931,3287.185539,26872.99706,34762.69614,10766.783,8109.334016,,,
41512.17621,39563.58776,13994.85067,46730.63613,25121.80936,115342.1327,69759.18705,98332.22401,2812.820894,8976.996497,8276.738356,32253.10811,9570.837669,3280.984285,26829.70334,34764.39184,10815.99807,8141.747772,,,
41790.57291,39826.7527,14048.07065,47030.83073,25279.02276,117317.0589,71076.27574,100532.4519,2815.845102,8996.094675,8293.618143,32360.83078,9590.942465,3308.938497,27024.86414,34918.38038,11183.32951,8383.677565,,,
39519.40696,37676.95919,13559.65395,44564.21644,23981.4365,116717.3278,70197.10358,97846.05597,2920.207132,9345.08107,8614.153675,33680.59198,9962.582122,3637.737076,29703.27051,42065.28457,10768.9704,8242.410172,,,
36239.92519,34576.90588,12932.72856,41027.95784,22129.4804,104836.2246,62273.53315,84609.5437,2871.451595,9037.18492,8342.021888,31943.91361,9638.457539,3341.274875,27633.53594,40153.55755,9137.750975,7168.065491,,,
43835.65887,41757.0584,14384.77454,49218.4222,26418.86705,113960.4871,68358.55195,94774.71189,2921.495099,9353.21471,8621.342534,33726.46952,9971.144466,3610.074152,29510.14332,41016.35666,11012.41457,8402.746017,,,
40064.50603,38192.23455,13663.85836,45151.99566,24289.25938,113603.3145,68120.35166,94376.79266,2921.028129,9350.26575,8618.736117,33709.836,9968.040073,3603.301339,29462.85931,40842.12626,11005.33321,8398.082132,,,
40131.64087,38255.69628,13676.69226,45224.38703,24327.1711,113744.2801,68214.36237,94533.83978,2922.182868,9357.558045,8625.18136,33750.96796,9975.716727,3604.168993,29468.91678,41075.95277,11023.47328,8410.029443,,,
40099.42427,38225.24233,13670.53354,45189.64794,24308.97807,113918.4015,68330.48486,94727.82516,2919.416946,9340.090963,8609.743206,33652.44545,9957.328999,3600.947753,29446.42787,40938.31844,11018.21247,8406.564601,,,
40357.80561,38469.48699,13719.92726,45468.26001,24454.88859,115405.7878,69322.43063,96384.89408,2922.567102,9359.98452,8627.325982,33764.65441,9978.271095,3628.129492,29636.19569,41527.77291,11247.13308,8557.33502,,,
40651.80262,38747.39871,13776.1295,45785.2764,24620.91163,120498.2452,72718.61735,102058.3045,2918.806471,9336.235755,8606.335807,33630.70027,9953.270592,3668.592429,29918.68546,42814.2901,11143.15524,8488.853711,,,
42509.33122,40503.29738,14131.2258,47788.24576,25669.87658,129226.0141,78539.21248,111781.7467,2883.161158,9111.131995,8407.379475,32361.00972,9716.302178,3646.92396,29767.40823,48434.63927,10464.81803,8042.091029,,,
51691.23059,49182.83258,15886.49272,57689.0694,30854.98684,142418.2296,87337.17059,126478.9443,2936.783841,9449.764666,8706.677515,34271.05645,10072.78333,3978.38691,32081.49862,50290.77151,12190.18529,9178.442833,,,
43231.46132,41185.91797,14269.27252,48566.91719,26077.67066,120696.5749,72850.88445,102279.2598,2927.060987,9388.363854,8652.408851,33924.72714,10008.14623,3708.679093,30198.54831,42552.6056,11579.63344,8776.324561,,,
40621.31867,38718.58261,13770.302,45752.40562,24603.69704,117769.6287,70898.88859,99018.40448,2922.675091,9360.66648,8627.928728,33768.50099,9978.989,3631.471189,29659.52556,41557.32738,11132.24536,8481.668309,,,
40558.50662,38659.20716,13758.29447,45684.67551,24568.22645,117983.7135,71041.66289,99256.91233,2923.069332,9363.156151,8630.129205,33782.5439,9981.609895,3632.413386,29666.10346,42078.92719,11194.40957,8522.610558,,,
40502.74202,38606.49358,13747.63418,45624.54465,24536.73563,118007.934,71057.81567,99283.89594,2922.739011,9361.070142,8628.285501,33770.77783,9979.413937,3651.005181,29795.90106,42150.88243,11111.3922,8467.934116,,,
39692.93627,37840.99428,13592.82686,44751.33275,24079.43023,117031.4081,70406.56541,98195.96694,2917.948294,9330.816279,8601.545843,33600.13189,9947.565469,3612.232258,29525.21003,41692.89358,10842.4199,8290.785071,,,
34871.80398,33283.63792,12671.19031,39552.71548,21356.88869,105702.0836,62850.97914,85574.18092,2871.212302,9035.673759,8340.686259,31935.38996,9636.866728,3351.952312,27708.07988,40868.90661,9102.730813,7145.000706,,,
40544.16211,38645.64748,13755.55229,45669.20786,24560.12597,115633.5189,69474.30567,96638.60494,2922.771823,9361.277353,8628.468643,33771.9466,9979.63207,3629.770806,29647.65443,41391.52515,11081.16393,8448.025343,,,
40406.98419,38515.97489,13729.32854,45521.28918,24482.66022,116156.8321,69823.30602,97221.61829,2921.950848,9356.092815,8623.886327,33742.70338,9974.174268,3623.035318,29600.63099,41424.27185,11046.0947,8424.928236,,,
40701.43158,38794.31235,13785.61686,45838.79121,24648.9376,120464.9599,72696.41923,102021.222,2927.454586,9390.849472,8654.605747,33938.74719,10010.76286,3661.730428,29870.77878,43276.39086,11440.29538,8684.554499,,,
41257.37481,39319.83856,13891.8943,46438.26367,24962.8843,124366.5131,75298.38561,106367.8686,2932.4523,9422.410541,8682.500769,34116.76639,10043.98743,3768.072949,30613.20324,45026.70969,11697.47535,8853.936944,,,
41325.64494,39384.37347,13904.94523,46511.87922,25001.43712,123583.4977,74776.18852,105495.5259,2935.188994,9439.693046,8697.775787,34214.2478,10062.18086,3773.370432,30650.18733,44643.35033,11502.25664,8725.363082,,,
40243.09694,38361.05431,13697.99887,45344.56989,24390.11146,118726.2014,71536.83195,100084.104,2921.72042,9354.637636,8622.600177,33734.49549,9972.642391,3662.756894,29877.94499,42312.74083,11534.59867,8746.664009,,,
41398.81795,39453.54301,13918.93342,46590.78153,25042.75865,137714.5515,84200.2628,121238.6655,2887.904338,9141.08566,8433.853806,32529.9624,9747.834626,3762.911204,30577.16681,50562.84456,11155.56145,8497.024621,,,
52882.93645,50309.3373,16114.30636,58974.08343,31527.95504,174104.3838,108468.834,161779.889,2947.675174,9518.544531,8767.468102,34659.00708,10145.18841,4171.317465,33428.43269,60307.34143,12692.11605,9509.02168,,,
55323.03993,52615.93675,16580.77117,61605.24211,32905.90584,166901.3404,103665.0863,153755.1147,2955.663405,9568.991021,8812.054868,34943.54889,10198.2938,4479.91374,35582.88062,58138.23647,13410.56147,9982.200216,,,
42207.96144,40218.41627,14073.61414,47463.27933,25499.69006,118807.579,71591.10315,100174.7653,2925.839285,9380.648686,8645.589856,33881.20998,10000.02442,3700.582289,30142.02091,41760.87023,11386.85653,8649.358905,,,
41771.38145,39805.72264,13990.15489,46992.516,25253.14898,119842.7837,72281.48659,101328.0672,2925.376892,9377.72863,8643.008985,33864.7395,9996.950452,3687.391445,30049.92976,43101.9722,11505.0403,8727.196441,,,
47703.00194,45412.80967,15124.07903,53388.57045,28602.7943,140542.0027,86085.90492,124388.6753,2933.394478,9428.360491,8687.75959,34150.32689,10050.25099,3847.858902,31170.22449,52566.94985,11660.06466,8829.297728,,,
45526.95203,43355.81678,14708.09228,51042.14022,27373.95719,144572.7477,88774.03004,128879.2521,2930.488105,9410.006453,8671.537506,34046.80152,10030.92956,3971.324862,32032.19531,50612.09416,11433.8274,8680.294599,,,
42777.26022,40756.56733,14182.44471,48077.15306,25821.17876,134897.0409,82321.25015,118099.7303,2886.101284,9129.699186,8423.789954,32465.73737,9735.848,3836.461103,31090.65139,48814.08956,11210.07292,8532.926665,,,
41315.56743,39379.96748,13999.17332,46532.24578,25022.39834,146723.0198,88006.99827,122004.7872,3153.87468,10531.72302,9674.223401,39769.2192,11215.73853,4052.919861,32660.75665,50016.29592,13437.02096,10195.2619,,,
41744.67504,39785.59756,14081.2041,46994.95165,25264.71969,153788.7052,92719.1411,129876.5335,3172.544905,10649.62738,9778.432318,40434.25496,11339.85733,4189.164396,33611.94039,50168.98891,13378.10642,10156.45993,,,
39438.83198,37605.91282,13640.40532,44508.56571,23962.5871,145251.1574,87025.40548,120365.0132,3149.462583,10503.86018,9649.597034,39612.05975,11186.40711,3966.160769,32055.05281,45252.265,12993.18662,9902.946196,,,
39370.45203,37541.2741,13627.3334,44434.83175,23923.97225,133838.7856,79414.43451,107650.7057,3138.74695,10436.18987,9589.787119,39230.36753,11115.17007,3753.277038,30568.81674,45274.41074,11916.69522,9193.953408,,,
40116.51685,38246.51988,13769.95562,45239.31194,24345.2825,142201.813,84991.78162,116967.7963,3150.385817,10509.6905,9654.750115,39644.94546,11192.54473,3858.762288,31305.25622,48492.36656,13073.92604,9956.122343,,,
41307.26602,39372.12026,13997.58637,46523.29439,25017.71046,155912.4988,94135.51028,132242.6118,3143.483204,10466.0998,9616.222791,39399.07351,11146.65647,3998.420488,32280.27226,55147.43273,12666.2772,9687.638931,,,
33324.88741,31826.4771,12471.62702,37915.91156,20509.98154,118109.9695,68924.80405,90127.52932,3060.900643,9944.582569,9155.283556,36457.47229,10597.65138,3416.540255,28217.90739,41823.75721,11270.96588,8768.666732,,,
40248.42157,38371.20778,13795.17132,45381.54454,24419.77042,153861.8074,92767.89336,129957.9753,3165.702793,10606.41875,9740.242681,40190.53806,11294.37128,4178.382556,33536.66756,51078.69625,13535.51851,10260.13381,,,
39531.56053,37693.56796,13658.13186,44608.55472,24014.95183,135064.2872,80231.72802,109016.0139,3139.224985,10439.20871,9592.4553,39247.39521,11118.34803,3855.770281,31284.36768,45115.449,11455.05429,8889.91002,,,
38036.58903,36280.39,13372.34415,42996.52995,23170.72649,124720.7466,73333.56619,97492.47101,3130.066762,10381.37361,9541.338163,38921.17817,11057.46458,3662.0189,29931.70306,42329.91923,11268.58694,8767.099929,,,
38024.37685,36268.84598,13370.0096,42983.36159,23163.83016,130972.1016,77502.62784,104456.9873,3164.531976,10599.02492,9733.7077,40148.83341,11286.58774,3895.734615,31563.37649,42509.83203,11445.64138,8883.710541,,,
42525.35957,40523.56893,14230.44443,47836.76221,25705.58004,152777.9755,92045.08014,128750.4987,3166.899119,10613.97367,9746.920046,40233.15136,11302.32441,4048.282423,32628.38062,50563.65842,12336.2059,9470.249202,,,
57777.21393,54940.95706,17146.08034,64282.80612,34318.4545,214215.8158,133018.2999,197197.2338,3190.546702,10763.31055,9878.910366,41075.48123,11459.53246,4589.901034,36409.66121,77500.12812,14549.07665,10927.67785,,,
54726.10195,52056.77887,16562.81148,60992.7982,32595.46109,199351.9101,123105.4829,180637.6379,3100.569379,10195.09465,9376.696848,37870.47765,10861.36732,4161.691337,33420.13873,74454.95947,12060.64235,9288.759067,,,
56034.42286,53293.51834,16812.91795,62403.55801,33334.28298,203945.0161,126168.6495,185754.7304,3183.171307,10716.73419,9837.744182,40812.76874,11410.50117,4730.090899,37388.38905,67827.67487,14882.63249,11147.36255,,,
53856.49639,51234.75155,16396.57247,60055.10427,32104.38615,185072.7244,113582.6185,164729.4673,3172.017737,10646.29826,9775.489899,40415.47716,11336.35274,4291.570626,34326.88385,64584.37866,15076.71988,11275.1913,,,
60117.97745,57153.65168,17593.55473,66806.84672,35640.30703,213612.5417,132615.9733,196525.1376,3195.390478,10793.89948,9905.946172,41248.01713,11491.73365,4654.380266,36859.81942,72484.34962,16615.9953,12288.98034,,,
72636.32333,68987.08825,19986.63677,80305.35392,42709.54195,274440.9284,173182.7452,264292.892,3237.718198,11061.20332,10142.20074,42755.73587,11773.12641,5319.418199,41502.74522,96188.76166,19113.29575,13933.73849,,,
65914.72306,62633.24317,18701.69537,73057.46586,38913.78716,231246.6292,144376.2393,216170.9408,3199.476221,10819.70137,9928.750982,41393.55183,11518.89549,4791.679656,37818.36757,81170.90517,15192.02201,11351.13095,,,
49094.84741,46733.62403,15486.30711,54920.62774,29415.43543,168430.537,102483.856,146188.7212,3149.360891,10503.21799,9649.029434,39608.43747,11185.73107,4039.102994,32564.29495,57292.10191,12745.96499,9740.122456,,,
65617.02004,62351.8282,18644.78467,72736.45329,38745.67129,252467.0732,158528.2653,239812.2359,3132.747589,10398.3033,9556.301345,39016.66954,11075.28659,4881.087201,38442.56144,92082.56221,17649.62705,12969.74514,,,
83989.71355,79719.30673,22157.0189,92547.69178,49120.91478,285467.424,180536.3733,276577.3021,3226.109212,10987.8914,10077.40452,42342.2223,11695.95039,5123.830082,40137.25753,105099.5989,18483.9978,13519.27377,,,
63845.55419,60677.28358,18306.14064,70826.28522,37745.30683,236821.2924,148094.0116,222381.5676,3226.120109,10987.96021,10077.46534,42342.61045,11696.02284,4900.95844,38581.2914,81075.95735,16553.48846,12247.81242,,,
69545.39049,66065.2679,19395.75552,76972.40726,40964.06131,270076.0957,170271.8153,259430.1146,3241.620736,11085.84824,10163.98297,42894.74475,11799.0703,5201.040931,40676.30082,92915.20657,19902.91851,14453.79545,,,
74669.63306,70909.15063,20375.33644,82497.86772,43857.77226,294708.0585,186699.0012,286872.1181,3249.737585,11137.10696,10209.28762,43183.86791,11853.03074,5514.68251,42865.97228,102266.5071,22066.87506,15879.0085,,,
81800.06172,77649.45611,21738.43193,90186.59462,47884.39652,293489.1472,185886.1028,285514.1521,3247.789036,11124.80168,10198.41169,43114.46037,11840.07687,5358.242276,41773.79338,108910.6763,18963.1865,13834.87437,,,
84452.39007,80156.66909,22245.46692,93046.59495,49382.19283,294641.3307,186654.5001,286797.7779,3263.610238,11224.71417,10286.71862,43678.01356,11945.2555,5786.558703,44764.06099,101126.1813,20682.34948,14967.13994,,,
63880.58375,60710.39659,18312.8371,70864.05753,37765.08838,227061.3421,141585.0492,211508.1916,3146.035378,10482.21704,9630.467895,39489.98228,11163.62321,4809.157369,37940.38727,77509.55256,16030.96951,11903.6739,,,
64946.17201,61717.68391,18516.54134,72013.0792,38366.83671,225777.8303,140729.0684,210078.2554,3213.466305,10908.05016,10006.83743,41891.88038,11611.90093,4926.677477,38760.84744,76180.40556,16254.80451,12051.09486,,,
73980.01759,70257.26571,20243.50542,81754.25675,43468.33952,278182.3067,175677.8902,268461.0908,3218.823779,10941.88315,10036.74047,42082.71428,11647.51717,5308.55542,41426.90732,96056.92791,19614.79559,14264.03353,,,
70426.29772,66897.97855,19564.15502,77922.28775,41461.51842,257079.8795,161604.5701,244951.276,3225.116416,10981.62179,10071.86318,42306.85879,11689.35033,5395.795291,42035.96769,88500.09273,19451.43984,14156.44507,,,
52084.54468,49660.31594,17946.46944,58757.88209,31627.23828,180203.1864,107331.7252,146655.3209,2942.647918,10518.51589,9611.069538,42457.72996,11183.69425,7311.752729,56014.19166,54076.77398,14570.00178,11091.51907,,,
47719.56969,45534.15941,17112.03466,54051.13833,29162.29332,163277.4543,96043.8652,127798.6831,2944.850527,10532.42559,9623.363524,42536.18716,11198.3371,6889.557936,53066.66191,50400.00631,15807.80689,11906.75539,,,
57795.41468,55058.73029,19038.19359,64915.90174,34852.2236,199081.4085,119921.7112,167687.1909,2931.254077,10446.56263,9547.47417,42051.8799,11107.94852,6929.073718,53342.53917,62997.1865,17996.35521,13348.16494,,,
67247.30315,63993.48284,20845.07325,75107.85409,40189.7994,228236.1866,139365.1864,200167.9773,2835.614346,9842.588054,9013.655603,38645.18065,10472.13996,6859.346258,52855.74074,79148.79634,16110.01931,12105.79686,,,
87166.35347,82822.71321,24652.91831,96586.52601,51438.28601,276235.364,171376.0911,253642.9525,3010.142418,10944.75048,9987.793901,44861.89251,11632.3946,8813.971656,66501.85058,97932.37965,18489.10964,13672.70013,,,
71018.87,67558.69804,21566.06858,79174.72704,42319.64086,226230.8327,138027.8053,197933.8505,2956.27258,10604.55701,9687.116356,42943.04211,11274.27038,7534.080277,57566.35922,74461.95137,15503.98283,11706.65248,,,
56952.7298,54262.15076,18877.10089,64007.23632,34376.35103,179941.6406,107157.299,146363.9377,2902.397348,10264.32947,9386.408704,41023.99957,10916.1103,6372.778089,49458.79179,58124.2745,14263.69339,10889.77994,,,
70111.73859,66701.19801,21392.6559,78196.56906,41807.37469,227133.3417,138629.6934,198939.3187,2924.206925,10402.05915,9508.140092,41800.85946,11061.09937,7009.672235,53905.23329,78265.29578,15852.47952,11936.17744,,,
94442.83733,89701.08284,26043.93459,104432.7439,55547.3891,287584.7701,178945.0698,266287.111,2966.116222,10666.7206,9742.059202,43293.67389,11339.71046,8312.049694,62997.70998,100816.3681,18920.18049,13956.60962,,,
91978.78303,87371.84298,25572.8912,101775.7591,54155.91304,298114.1572,185967.1737,278017.7019,2988.053934,10805.25947,9864.505781,44075.09794,11485.55137,8483.814536,64196.87678,105732.4334,20573.81339,15045.71614,,,
93455.35952,88767.63236,25855.16241,103367.9486,54989.75052,313528.2152,196246.8903,295190.2122,2895.204859,10218.90817,9346.263418,40767.8022,10868.29496,8186.359242,62120.20899,116487.4929,18964.24683,13985.63235,,,
97890.53245,92960.14614,26703.01665,108150.3867,57494.33696,309270.6238,193407.4801,290446.9102,3017.740655,10992.73412,10030.20389,45132.54267,11682.90733,8781.205895,66273.09822,109770.0906,20024.70623,14684.06623,,,
94550.58962,89802.93975,26064.53316,104548.933,55608.2379,281720.8742,175034.4067,259754.2555,3010.788309,10948.82935,9991.398984,44884.89926,11636.68846,8845.598974,66722.65497,92243.49698,21157.78082,15430.32552,,,
126132.5249,119656.9501,32101.92523,138603.6704,73442.87212,421103.4499,267989.3818,415037.7453,3130.860121,11707.09499,10661.58659,49161.87231,12434.92038,11231.89399,83382.44252,150124.1355,28987.82034,20587.30267,,,
141240.2804,133938.1234,34990.01434,154894.3328,81974.37252,450218.0961,287406.0928,447473.8215,3099.873801,11511.41325,10488.63469,48058.13567,12228.92473,11423.0639,84717.08479,172385.1186,27005.88508,19281.97148,,,
113122.6417,107358.8695,29614.87797,124575.1395,66096.06117,397638.9371,252340.7744,388896.3757,3097.142999,11494.16795,10473.39257,47960.86416,12210.77049,10478.19562,78120.53878,141630.8859,23436.14128,16930.88664,,,
91957.2499,87351.48798,25568.77479,101752.54,54143.75306,319737.6987,200388.0275,302108.0802,2992.797103,10835.21306,9890.980046,44244.05021,11517.08374,8710.776038,65781.39604,111649.7778,20788.9912,15187.43535,,,
92578.3039,87938.5626,25687.4992,102422.2213,54494.46846,313425.6089,196178.4616,295075.9005,2899.065555,10243.28886,9367.812116,40905.32071,10893.9607,8497.7184,64293.94585,116275.6126,20637.05441,15087.36758,,,
99291.31772,94284.29102,26970.79916,109660.8506,58285.37439,346898.8372,218501.9341,332367.7906,3053.90952,11221.14416,10232.08246,46420.88222,11923.3563,9556.923004,71688.7246,120871.6135,20696.98696,15126.84003,,,
105812.7835,100448.9515,28217.48166,116692.9341,61968.11125,369270.4201,233421.6607,357291.5477,3056.774359,11239.23591,10248.07272,46522.92815,11942.40162,9766.339963,73150.7576,136568.44,23981.90056,17290.33159,,,
122135.5105,115878.6222,31337.832,134293.6978,71185.71819,420336.7427,267478.0607,414183.5713,3082.291413,11400.37868,10390.4976,47431.84879,12112.03782,10740.89828,79954.58292,148126.9312,28676.30048,20382.1312,,,
175118.5969,165962.8744,41466.39641,191425.2534,101105.7961,630944.5079,407933.4903,648817.6966,3243.605258,12419.09194,11290.87994,53177.86825,13184.44489,14571.99414,106701.1682,223284.2213,35986.18864,25196.52915,,,
155444.3909,147365.0923,37705.35726,170210.5966,89995.57556,528802.8081,339814.6518,535023.5619,3155.573898,11863.16499,10799.52793,50042.18012,12599.21643,12490.58003,92169.88995,192526.6272,31138.78569,22003.95953,,,
120577.963,114406.2919,31040.08188,132614.1974,70306.15555,377683.8914,239032.6491,366664.8369,3036.888803,11113.65661,10137.08036,45814.60212,11810.20335,10223.78368,76344.37577,130664.0224,23710.14306,17111.34817,,,
76696.87459,72926.04512,22651.50997,85297.30798,45526.06675,289513.0968,180231.0811,268435.4232,2905.338391,10282.90245,9402.824303,41128.7599,10935.66222,7975.408983,60647.47135,105384.6084,16978.89477,12678.05079,,,
95255.90835,90469.66876,26199.36612,105309.4768,56006.53843,317911.2491,199169.9586,300073.2673,3039.860694,11132.4244,10153.66814,45920.46124,11829.96034,9111.349019,68577.9743,115823.8776,19744.99357,14499.84343,,,
101697.376,96558.708,27430.75569,112255.2984,59644.09955,331827.2905,208450.6401,315576.8657,3040.515173,11136.5575,10157.32115,45943.77388,11834.31129,9405.13843,70629.04894,119157.3659,21934.43761,15941.84291,,,
113832.6316,108030.014,29750.60389,125340.7201,66496.99952,360471.262,227553.4558,347488.5723,3009.402642,10940.07873,9983.664805,44835.54163,11627.47661,9191.528463,69137.74268,132344.6258,22143.65164,16079.63429,,,
104626.9721,99328.01871,27990.79484,115414.276,61298.47171,344419.5857,216848.5082,329605.7034,3013.785284,10967.75555,10008.12677,44991.65187,11656.61221,9298.034634,69881.30967,125514.5778,21597.44381,15719.89392,,,
117998.8079,111968.2487,30547.03513,129833.0997,68849.68091,355266.5489,224082.4051,341690.0998,3010.552424,10947.33971,9990.082374,44876.49698,11635.1203,9250.098022,69546.64285,134211.0121,20474.58009,14980.35965,,,
132937.4841,126160.8541,34741.05,146376.1366,77656.63569,443949.603,280623.9746,429533.1287,3461.440293,13383.71869,12159.47987,57758.92927,14205.56043,12181.40535,90161.09774,167876.6059,26733.13663,19185.00153,,,
114485.425,108718.3522,31213.64377,126479.3183,67236.57365,366671.2092,229086.6061,343438.7326,3292.282831,12315.4722,11215.31794,51733.51921,13081.00936,10558.48367,78830.75916,126695.1961,23549.98775,17088.5337,,,
98072.60419,93203.51695,28076.07055,108781.4066,57968.08985,322164.0658,199404.5574,293854.1665,3461.342624,13383.1019,12158.93473,57755.45031,14204.91114,10753.92776,80195.24134,101309.1538,24570.81631,17760.86614,,,
146653.3269,139126.2696,37363.05274,161165.9023,85402.10909,494710.3654,314476.5949,486084.7334,3591.392837,14204.38215,12884.81735,62387.85525,15069.479,13998.13723,102844.5115,178715.6246,33584.97406,23697.72066,,,
167549.7417,158879.3904,41357.73665,183698.4644,97202.52319,553557.4681,353722.0381,551645.1768,3630.439435,14450.96537,13102.75814,63778.69998,15329.059,14660.25789,107467.0706,212553.2947,31610.03086,22396.99454,,,
163075.7103,154650.1442,40502.45398,178874.1253,94675.99296,515719.5577,328487.736,509490.6769,3612.569603,14338.11557,13003.01666,63142.17432,15210.26118,13638.35576,100332.7169,196344.097,30362.0141,21575.03267,,,
160266.7786,151994.896,39965.48176,175845.2599,93089.76119,530533.3222,338367.1138,525994.4116,3607.61144,14306.80427,12975.3424,62965.56393,15177.29953,14143.58456,103859.944,199624.2071,33695.58763,23770.57236,,,
187405.7056,177648.986,45153.52173,205109.1103,108415.3842,662673.1762,426491.8794,673208.9221,3683.557549,14786.41163,13399.2399,65670.77388,15682.18579,16996.87344,123780.0237,250221.93,38839.70669,27158.56349,,,
174034.0113,165008.8897,42597.30848,190690.4392,100864.2549,594301.0983,380894.18,597036.8841,3460.984678,13380.84143,12156.93683,57742.70021,14202.53152,14563.38005,106790.7232,226550.1891,30346.81285,21565.02091,,,
171336.4606,162458.9286,42081.62852,187781.6757,99340.92112,568185.7798,363477.7363,567942.302,3668.803685,14693.23948,13316.89037,65145.23938,15584.10278,14954.12011,109518.6535,211932.6095,33475.63949,23625.71134,,,
173207.1248,164227.2442,42439.2359,189798.8091,100397.3039,567216.9932,362831.6474,566862.9952,3715.750496,14989.71335,13578.92665,66817.4907,15896.20303,15448.56769,112970.6121,210918.1371,35219.5231,24774.25828,,,
157252.5234,149145.5581,39389.25868,172594.9946,91387.58119,565947.128,361984.7676,565448.2624,3712.648209,14970.12209,13561.61106,66706.98687,15875.57918,15282.56596,111811.6801,210987.0032,36856.79845,25852.59148,,,
187045.8418,177308.8113,45084.72802,204721.07,108212.1656,617219.236,396178.4069,622569.5476,3729.226059,15074.81289,13654.14127,67297.49198,15985.78797,17027.15634,123991.4421,229323.0802,36866.11854,25858.72982,,,
142402.1845,135107.7176,36550.37886,156581.904,83001.44651,462439.7501,292955.1513,450132.6516,3580.730608,14137.0491,12825.30551,62008.06532,14998.59699,12958.10038,95583.55143,166808.2905,27579.13246,19742.18661,,,
110548.2165,104996.558,30460.98338,122233.8343,65013.19268,345958.0487,215272.8902,320362.5926,3439.18219,13243.15652,12035.24501,56966.09285,14057.58958,10774.9814,80342.2262,128308.1841,23151.62469,16826.16603,,,
135755.0487,128824.2628,35279.67254,149414.3108,79247.74255,441231.1156,278811.0011,426504.5133,3334.935599,12584.82875,11453.38678,53252.81618,13364.56301,12141.69811,89883.88378,171363.6447,23485.0803,17045.78471,,,
142544.2271,135241.9887,36577.53258,156735.0683,83081.6594,495460.3992,314976.7964,486920.3318,3556.637113,13984.89624,12690.82631,61149.852,14838.42454,13137.40036,96835.32435,189767.4097,28020.59055,20032.93729,,,
186735.835,177015.7656,45025.46525,204386.7902,108037.1016,667508.7192,429716.7285,678596.109,3682.128887,14777.38949,13391.26574,65619.88478,15672.68812,17089.0426,124423.4976,246811.5647,39186.83404,27387.18658,,,
169748.4217,160957.7752,41778.04949,186069.2966,98444.13971,564887.483,361278.0848,564267.732,3620.770444,14389.90471,13048.79012,63434.2893,15264.77999,14809.1462,108506.5261,214996.3041,32765.01536,23157.68402,,,
142949.5521,135625.1373,36655.01693,157172.1293,83310.55045,441801.1948,279191.1899,427139.6278,3568.558587,14060.18155,12757.36669,61574.49639,14917.67795,13066.07248,96337.35267,157047.823,25587.31255,18430.34524,,,
87173.96158,82901.16573,25992.6207,97029.42217,51813.51754,288926.2654,177238.093,256824.5622,3465.974414,13412.35212,12184.78733,57920.43525,14235.70306,10118.09977,75756.24314,104424.9612,20509.52365,15086.04011,,,
115079.5297,109279.952,31327.21638,127119.9402,67572.0705,374571.0967,234355.0828,352239.8478,3391.929964,12944.75393,11771.50405,55282.96263,13743.45895,10320.42791,77168.78598,141269.1085,26520.44106,19044.91716,,,
132589.7137,125832.1111,34674.56813,146001.1365,77460.24629,469101.4838,297397.8966,457554.3631,3366.764503,12785.8315,11631.0416,54386.56573,13576.16011,12126.71947,89779.31122,177101.301,28907.90289,20617.33402,,,
149065.0078,141406.0015,37824.08411,163766.4129,86764.00936,512617.3933,326418.8862,506034.6142,3611.087328,14328.75485,12994.74326,63089.37549,15200.40708,13513.25009,99459.2986,199546.1675,32406.82351,22921.77369,,,
149508.3561,141825.0931,37908.83722,164244.4745,87014.37255,526068.7878,335389.6922,521020.5583,3641.361378,14519.93855,13163.71959,64167.74098,15401.66758,14368.31268,105428.8711,191487.3516,36025.54303,25305.11465,,,
164216.7853,155728.7882,40720.58872,180104.5442,95320.36939,556122.5994,355432.7377,554502.9411,3651.972305,14586.94762,13222.94508,64545.70354,15472.20854,14710.9847,107821.217,210872.4726,35633.97236,25047.22055,,,
144153.8607,136763.5552,36885.23978,158470.7329,83990.63554,509093.959,324069.0893,502109.2229,3657.385555,14621.13284,13253.15943,64738.52418,15508.19558,14199.62664,104251.1988,182826.9213,35080.59265,24682.75667,,,
116768.7591,110876.7595,31650.1396,128941.4329,68525.99521,450590.7699,285053.0039,436931.927,3603.772005,14282.55785,12953.91237,62828.80277,15151.77515,13599.5834,100062.0299,145280.05,27231.81568,19513.43877,,,
108078.774,102662.2248,29988.90996,119571.0394,63618.67388,383822.7108,240525.033,362546.896,3484.171149,13527.26634,12286.35343,58568.60523,14356.67412,12353.25987,91360.89064,122889.542,29650.7285,21106.56969,,,
146433.7391,138918.696,37321.07501,160929.1212,85278.10565,512968.6754,326653.1581,506425.971,3450.292233,13313.31756,12097.25635,57361.83399,14131.44864,13331.66706,98191.58663,190135.062,30501.60423,21666.96874,,,
150649.2023,142903.5209,38126.92823,165474.6467,87658.61983,496048.9898,315369.3306,487576.0695,3577.334512,14115.60241,12806.35001,61887.09595,14976.0199,13194.50973,97234.03029,185012.7132,27457.93223,19662.36239,,,
