,0,1,2,3,4,5,6,7,8,9,10,11,12,13,14,15,16,17
0,89883.56892,85369.35683,24760.96499,99382.86465,52858.69506,84582.80838,52117.34705,76158.43854,21191.1265,109062.852,97359.59832,563363.5277,115151.3967,19544.64915,141356.1577,115207.2768,54207.76129,37280.18629
1,115955.0038,110014.3598,29744.93677,127495.6405,67581.49467,92936.14617,57688.23209,85464.73408,22018.0535,114284.9796,101975.1381,592818.7715,120648.7696,22981.52003,165350.483,103272.8579,56664.05797,38897.93877
2,106886.3324,101441.8576,28011.31519,117716.9104,62460.3254,85936.8345,53020.35421,77666.93342,19145.58688,96145.06234,85942.3033,490501.1491,101552.7428,17582.21068,127655.5013,93526.604,66903.71611,45641.92556
3,113757.9728,107937.5337,29324.93916,125126.5864,66340.80933,87100.5043,53796.41174,78963.35591,21737.50296,112513.2746,100409.2294,582825.5259,118783.6824,19755.2353,142826.3534,100528.9927,68174.10219,46478.62018
4,139967.1678,132712.7596,34335.24599,153387.9087,81141.40346,97161.15784,60505.91466,90171.73962,26480.21629,142463.9891,126880.9521,751761.5717,150313.0239,25956.98273,186123.5124,134231.3687,63148.01043,43168.36353
5,161578.8525,153142.0162,38466.66519,176691.7449,93345.73763,103169.6485,64513.00879,96865.68538,25373.54574,135475.2526,120704.0078,712341.8273,142955.9286,27393.89872,196155.2624,141408.17,55865.35185,38371.89937
6,149754.4229,141964.53,36206.23634,163941.4862,86668.36414,92247.35231,57228.87183,84697.36188,21837.96839,113147.724,100969.9829,586404.1175,119451.572,24179.13429,173711.5611,115318.8335,52689.83233,36280.45634
7,157949.8232,149711.5399,37772.91819,172778.5698,91296.38851,104267.7546,65245.34155,98089.06462,23366.22353,122798.8098,109500.0254,640840.7576,129611.3423,28261.65153,202213.431,132911.8739,64238.77892,43886.75942
8,140625.8658,133335.4186,34461.16665,154098.1814,81513.3768,100786.3709,62923.58835,94210.52086,26719.17683,143973.0491,128214.7238,760273.3763,151901.6226,27522.95583,197056.2675,109708.9059,53302.86714,36684.20992
9,127013.932,120468.227,31859.02778,139420.4605,73826.58186,97773.91865,60914.56808,90854.40485,26863.31522,144883.2976,129019.2404,765407.6038,152859.848,25238.6849,181108.7555,108074.8243,47330.80965,32750.92658
10,133271.6391,126383.5596,33055.28858,146168.1335,77360.37154,108239.1328,67893.87459,102513.5019,26740.16466,144105.5893,128331.8686,761020.9652,152041.1487,28790.47991,205905.4173,103272.162,56077.60144,38511.69002
11,131844.4859,125034.4894,32782.46542,144629.2371,76554.44387,107611.3018,67475.17079,101814.0472,26091.84879,140011.409,124713.2569,737927.8722,147731.1744,27275.31229,195327.3578,122681.5922,52950.87434,36452.38238
12,106971.2274,101522.1078,28027.54423,117808.4525,62508.26646,91050.49779,56430.68324,83363.96891,23994.9094,126769.0246,113009.0711,663234.6275,133790.8172,23165.18868,166632.7556,154420.9862,57584.9797,39504.47113
13,100449.8885,95357.5672,26780.88598,110776.5058,58825.60122,77638.7447,47486.31435,68422.18861,24656.79228,130948.882,116703.4079,686810.9791,138190.9844,20001.05704,144542.5443,188828.6972,56617.46758,38867.25366
14,141804.2683,134449.3478,34686.43714,155368.8505,82178.83247,90385.78183,55987.38066,82623.42145,26975.09782,145589.216,129643.1613,769389.314,153602.9736,25882.89573,185606.278,177730.3403,44062.65514,30598.4728
15,157959.5259,149720.7118,37774.77302,172789.0323,91301.86774,93268.41903,57909.82661,85834.91299,24398.85972,129320.0118,115263.7426,677623.3886,136476.2605,27246.37183,195125.3115,137320.2375,68560.67251,46733.22098
16,156147.1184,148007.4655,37428.30233,170834.7169,90278.3831,109297.6694,68599.81826,103692.7975,26483.40995,142484.1574,126898.7776,751875.3303,150334.2551,31559.33882,225236.0536,222110.109,88778.12352,60048.72632
17,195113.9486,184842.3251,44877.43518,212852.5716,112283.3412,125065.9614,79115.77537,121259.9532,28648.92106,156159.5791,138985.7003,829011.1082,164730.474,41235.60382,292790.3662,197374.8017,73074.97723,49706.40729
18,175417.4048,166223.4274,41112.1258,191613.828,101160.5063,124635.477,78828.68302,120780.3586,27175.1462,146852.5418,130759.7426,776515.0625,154932.8861,37898.31575,269491.2729,184343.2041,67888.02994,46290.20887
19,163960.3136,155393.1817,38921.91956,179259.6695,94690.57245,109157.6898,68506.46512,103536.8489,25972.20146,139255.824,124045.4385,733666.0194,146935.7645,32259.89113,230126.9211,185331.0636,79577.09119,53988.79349
20,203611.5171,192874.9709,46501.88132,222015.4827,117082.003,122867.1103,77649.34996,118810.2548,24491.02098,129902.0195,115778.1459,680906.1843,137088.9443,43134.04313,306044.2159,194352.9034,64366.65688,43970.98169
21,211332.2747,200173.307,47977.82763,230340.7601,121441.992,122010.6163,77078.1496,117856.051,29209.4499,159699.3754,142114.3237,848977.2161,168456.8441,44345.35778,314500.9426,216604.2389,60967.39798,41732.18067
22,196518.0706,186169.6242,45145.85557,214366.6336,113076.263,129832.441,82294.56575,126570.1979,31214.87982,172363.8682,153307.7442,920410.8821,181788.8505,44157.96268,313192.654,188121.293,65935.69944,45004.37579
23,179173.9886,169774.4794,41830.25689,195664.5448,103281.8867,120183.0759,75859.35326,115820.0228,27266.61706,147430.1895,131270.2924,779773.266,155540.9802,37204.45694,264647.1357,174387.2303,90450.79869,61150.37434
24,158061.3127,149816.9296,37794.23119,172898.7888,91359.34776,103604.3565,64802.91782,97349.98528,25264.31233,134785.4326,120094.3153,708450.9196,142229.7499,34055.16067,242660.4968,176787.3654,83483.7993,56561.80789
25,165483.2627,156832.8066,39213.05565,180901.8626,95550.59706,123894.768,78334.7003,119955.1488,22407.1245,116742.0024,104146.7599,606677.5296,123235.2958,37085.16173,263814.2827,167450.5744,100333.6665,67659.3739
26,192802.4228,182657.2686,44435.55006,210360.058,110977.9996,132653.0928,84175.67333,129712.6327,20682.45979,105850.5703,94520.44636,545244.7557,111769.8037,40273.36849,286072.5731,191741.0191,98844.88598,66678.84151
27,192336.7481,182217.0721,44346.52889,209857.9219,110715.0284,120446.9951,76035.36238,116114.0502,23121.08537,121250.7375,108131.7729,632108.9057,127981.6751,37819.75165,268942.7819,202982.222,75039.12543,51000.02368
28,177435.7631,168131.3564,41497.96728,193790.2197,102300.2934,116445.5131,73366.7529,111656.0748,23502.63241,123660.2457,110261.3993,645699.6593,130518.1823,33513.77975,238880.8757,171124.5512,67520.39574,46048.07967
29,132395.3455,125555.2101,32887.77104,145223.2279,76865.51977,106065.2233,66444.08287,100091.5904,22629.78428,118148.1214,105389.5481,614608.699,124715.5279,25439.6024,182511.45,135691.1675,68620.83375,46772.84405
30,159622.9215,151293.0989,38092.75768,174582.6683,92241.20382,106543.4772,66763.03295,100624.4041,23933.74285,126382.7517,112667.6665,661055.8672,133384.1848,29598.94676,211549.6842,134527.7349,55008.12182,37807.3153
31,166554.068,157816.2013,38876.45127,181880.6817,96005.25248,109691.0716,68862.18024,104131.0794,25876.90726,138825.9847,123658.8255,731601.2606,146480.9075,34260.58062,244707.9078,136612.3175,33615.92157,23492.65006
32,159193.4986,150858.3467,37469.3607,173943.7945,91848.66543,100105.9189,62469.79134,93452.44218,26426.40189,142296.0989,126725.8608,751174.3282,150133.9226,30201.84379,216372.0596,124488.6715,58543.70886,39910.45093
33,172920.2847,163834.1067,40093.45541,188745.3603,99600.3186,110303.7655,69270.78905,104813.6701,23689.59401,125012.8802,111450.2129,653688.8873,131939.749,35482.11317,253235.9702,111437.6817,77636.32581,52485.12429
34,175037.8592,165835.8236,40498.26365,191028.7367,100796.1341,118163.791,74512.68148,113570.3757,22361.97662,116628.8421,104040.0414,606398.9889,123113.8093,38967.90566,277571.839,128556.5508,67963.2082,46114.26928
35,155656.6503,147515.008,36793.23557,170130.0181,89851.37187,110376.2888,69319.15522,104894.467,23536.8112,124048.0413,110597.447,648246.7444,130924.0558,35757.54796,255158.9031,141680.5786,92096.63981,62008.89601
36,142818.0745,135378.8621,34338.93647,156286.2076,82601.29994,121346.3358,76635.13739,117115.9886,26401.96855,142141.7999,126589.4848,750304.0098,149971.4909,34248.51402,244623.6655,154167.9082,92348.34467,62174.67247
37,144542.3047,137008.7554,34668.55065,158145.4416,83574.98995,126568.6328,80117.91485,122934.0509,25899.35162,138967.7231,123784.0999,732400.7314,146630.1165,32927.1108,235398.3615,141466.4642,92937.53621,62562.72253
38,152383.7647,144421.19,36167.57115,166600.8722,88003.14073,102498.3292,64065.3024,96117.78125,26068.94528,140038.7242,124730.6965,738441.6789,147757.5674,24596.77857,177240.6047,157722.3309,73663.7567,49868.73288
39,145866.5102,138260.5104,34921.6937,159573.3296,84322.78199,99121.20917,61813.08323,92355.39572,24597.6239,130747.1808,116518.433,686033.026,137976.2901,22927.25694,165584.9312,149133.0498,74265.55341,50265.08489
40,150103.8263,142265.9926,35731.72445,164142.4191,86715.63671,94951.60046,59032.34918,87710.11356,21830.43805,113272.1223,101073.2288,587465.5181,119580.1651,22589.09322,163224.0597,118812.333,57275.82506,39075.40433
41,139169.9652,131930.3498,33641.54202,152352.4587,80541.17618,96305.10755,59935.01021,89218.0302,21659.14978,112190.4195,100117.1737,581364.2085,118441.4486,23338.12105,168453.3563,113319.2774,76827.01432,51952.10005
42,161586.8081,153120.7123,37926.88008,176524.4953,93200.19118,114169.0581,71848.57303,109119.9194,21880.58976,113588.8354,101353.1534,589251.9282,119913.5714,30199.30885,216354.3621,99683.54464,58316.34841,39760.70805
43,166450.7771,157718.5617,38856.70556,181769.3033,95946.92307,118015.972,74414.10024,113405.6934,23719.04926,125198.8931,111614.619,654738.087,132135.5661,38412.54389,273694.6113,119013.6654,67970.44833,46119.03774
44,160355.9106,151957.1603,37691.57435,175197.221,92505.09112,113687.2292,71527.2388,108583.1229,23534.85544,124035.6905,110586.5308,648177.0801,130911.054,35261.69016,251697.0991,148848.786,63052.22267,42879.82326
45,144319.5291,136798.1685,34625.96353,157905.2231,83449.18636,101909.1343,63672.3652,95461.37033,24614.90054,130856.2846,116614.8636,686648.4225,138091.1445,30157.70859,216063.9321,143052.9389,58100.72766,39618.69711
46,155911.9934,147756.3807,36842.04849,170405.354,89995.56669,98893.20009,61661.02277,92101.37512,27093.68584,146510.0645,130450.3439,774943.0665,154569.9958,32564.64863,232867.8518,121175.6268,48363.85009,33205.84886
47,155414.7566,147286.3489,36746.99372,169869.1846,89714.77208,100960.0988,63039.44843,94404.06787,27265.73192,147596.5529,131410.6288,781071.3695,155713.7503,31088.15914,222559.8215,122499.296,57439.75045,39183.36797
48,127271.3289,120682.717,31366.92738,139522.1831,73821.89746,94321.36787,58612.04375,87007.98336,23827.00395,125880.6379,112217.1743,658583.4468,132853.244,28698.35339,205875.524,120720.751,40783.60882,28213.39244
49,126559.1604,120009.5129,31230.78499,138754.2532,73419.7288,93571.31623,58111.83035,86172.36503,21906.65312,113753.4282,101498.6275,590180.3086,120086.8395,30562.12611,218887.3508,117843.0813,46137.84008,31739.76651
50,96747.52858,91828.94835,25531.81473,106608.4305,56584.80261,80051.41219,49095.33502,71110.0958,20050.62064,102032.3953,91139.07731,524068.1981,107748.0204,22027.93873,159306.3904,130707.7994,39645.3099,27463.69233
51,88353.12242,83893.82068,23927.08973,97556.7592,51844.39763,79909.78405,49000.88247,70952.31058,20329.82307,103795.5869,92697.46144,534013.4237,109604.1453,20037.10486,145407.4931,134553.6895,72004.25448,48775.76074
52,85984.48244,81654.77477,23474.28631,95002.65946,50506.80298,79286.87418,48585.46059,70258.33847,21412.89925,110635.3225,98742.71237,572592.7335,116804.3863,21912.7179,158501.9825,162018.7363,71694.43902,48571.71181
53,114518.7906,108627.9012,28929.07572,125771.1467,66620.41175,86132.63462,53150.93434,77885.07062,20518.94446,104989.9076,93753.05317,540749.9513,110861.4157,22528.50726,162801.0821,154587.9715,43391.20606,29930.79366
54,111858.4123,106113.0786,28420.50184,122902.466,65118.06951,81960.8957,50368.77965,73237.41525,21533.56168,111397.318,99416.19657,576890.7445,117606.5446,23039.03856,166365.3283,131468.9258,54467.86587,37226.04185
55,114756.3894,108852.5004,28974.49653,126027.349,66754.58616,90413.60775,56005.93791,82654.42177,20910.45953,107462.3648,95938.31666,554695.7673,113464.19,22291.04835,161143.2758,141395.9659,57964.22203,39528.79253
56,116465.525,110468.125,29301.22513,127870.3064,67719.75209,106942.515,67029.15331,101068.9645,22057.94521,114708.853,102343.0729,595569.3518,121092.6223,24177.67103,174314.6284,125012.8291,57031.78707,38914.67739
57,114508.9323,108618.5822,28927.19114,125760.5164,66614.84464,99874.00603,62315.12743,93194.07245,21509.30333,111244.124,99280.79722,576026.6591,117445.2762,20564.70935,149090.9349,114457.6222,57674.87079,39338.22162
58,111165.534,105458.1094,28288.04707,122155.3368,64726.79423,90213.09538,55872.21515,82431.03473,20638.20856,105743.0724,94418.73248,544998.1536,111654.278,19542.69676,141955.8101,131057.6865,53282.591,36445.40269
59,108191.1202,102675.2572,28260.74625,119123.8604,63197.15209,100962.1764,63314.7515,95560.02086,18236.8625,90406.37599,80870.20683,458132.2726,95511.58472,17379.57578,126445.2446,125455.8591,42939.8288,29633.51007
60,104255.276,98954.75264,27508.34666,114879.8475,60974.54153,84006.90661,52007.19261,76670.47563,18252.1787,90503.09932,80955.69505,458677.8375,95613.4061,17357.49699,126291.1027,121271.6233,45458.08003,31292.06672
61,101865.8256,96696.03498,27051.56502,112303.308,59625.19508,93553.20069,58373.66649,87305.8212,21097.37047,108470.7732,96836.29379,560023.9264,114528.1109,22566.8411,162659.8524,156222.724,47905.20292,32903.77721
62,93294.36035,88593.53552,25412.99233,103060.7142,54784.80304,94644.847,59101.69118,88522.0037,19858.78054,100648.9525,89923.03403,515905.1971,106294.0217,19980.96308,144606.6871,139118.799,38564.19151,26751.65214
63,103396.1136,98142.59716,27344.10404,113953.4144,60489.36397,80858.06778,49907.21539,73162.41389,19073.04154,95686.93119,85537.38739,487917.0751,101070.4647,18978.4784,137607.8954,129487.7505,59153.40107,40312.00302
64,103627.0102,98360.86083,27388.24361,114202.3897,60619.75358,84425.61339,52286.43037,77136.94893,20014.50716,101632.3818,90792.23096,521452.1988,107329.2851,19327.2976,140043.1575,116989.6817,71157.45399,48218.04571
65,95094.29061,90294.98719,25757.07779,105001.5754,55801.24163,83171.25972,51449.8953,75739.49725,20247.11239,103101.3074,92090.53023,529737.6265,108875.6341,18294.21299,132830.734,97671.92448,84327.76172,56892.20066
66,108555.2796,103019.4926,28330.36114,119516.5327,63402.79652,80691.8494,49796.36348,72977.23314,18331.13009,91001.68532,81396.36668,461490.0958,96138.27131,15403.58564,112649.9779,111308.458,76827.47829,51952.40563
67,114622.4155,108754.6806,29490.19121,126058.7132,66828.96876,92200.64117,57471.63742,85798.96024,16956.7236,82322.1693,73725.03915,412533.5638,87001.2798,14203.28304,104270.1313,165918.0902,70280.31656,47640.35032
68,108967.1484,103408.8271,28409.09645,119960.6501,63635.38297,87611.79973,54411.31485,80686.61883,18016.04598,89011.89732,79637.70694,450266.7604,94043.60659,17761.05491,129108.5202,149316.0187,68836.79,46689.62288
69,143005.1469,135584.5234,34916.00428,156663.7554,82856.98058,74256.98024,45504.91529,65808.26719,19473.94549,98218.68018,87775.05545,502197.3242,103735.6558,23128.00731,166577.6035,143210.5779,64789.74394,44024.17987
70,142939.0701,135522.0618,34903.37265,156592.505,82819.66637,75781.07222,46521.34027,67506.22922,19500.85529,98388.61829,87925.25401,503155.8546,103914.551,23938.99009,172239.4353,126637.4144,64900.4946,44097.12185
71,122799.5829,116484.4552,31053.38755,134876.1364,71446.69685,73444.04318,44962.76327,64902.58939,19122.47466,95999.10631,85813.30112,489677.8889,101399.0938,23600.05023,169873.1452,118170.5029,53979.92749,36904.67858
72,114578.8853,108713.5321,29481.86971,126011.7747,66804.38681,71011.66428,43340.59695,62192.7221,20955.01205,107571.7653,96041.71219,554953.1014,113581.7186,22540.00994,162472.5322,126319.5402,47231.48676,32460.05802
73,109216.1169,103644.1738,28456.69075,120229.1123,63775.97793,75021.10546,46014.51443,66659.56464,17052.96225,82929.92608,74262.2006,415961.5964,87641.06992,16000.73557,116818.9474,101686.3983,52492.1484,35924.80578
74,110390.8138,104754.6002,28681.25285,121495.7856,64439.341,70702.94955,43134.71347,61848.78886,16128.2386,77090.20269,69100.80327,383022.8237,81493.54937,13806.14602,101497.541,122996.6782,43385.93587,29927.32264
75,116540.6241,110567.9393,29856.88746,128127.1137,67912.20029,70644.33408,43095.62251,61783.48647,21838.73958,113152.5941,100974.2873,586431.5871,119456.6988,26248.7907,188365.1813,124010.4516,27480.00194,19451.44475
76,108507.5567,102974.3807,28321.23814,119465.0732,63375.84692,69068.0407,42044.38413,60027.36784,22672.58835,118418.4334,105628.4614,616133.3853,125000.0873,25737.27169,184794.0394,116020.7111,28490.29473,20116.83817
77,110262.5742,104633.3769,28656.7378,121357.5051,64366.92282,69103.77064,42068.21262,60067.1739,21210.39742,109184.5498,97467.1601,564049.9606,115279.5089,23288.28748,167696.5907,113706.5424,44055.21674,30368.12069
78,100045.1896,94975.01042,26703.52132,110340.1198,58597.06374,69831.66492,42553.64915,60878.10714,19993.26344,101498.2256,90673.65796,520695.495,107188.0578,21869.71323,157792.8926,110544.1619,41936.01717,28972.38523
79,114523.9301,108661.5836,29471.36415,125952.5166,66773.35306,70632.04741,43087.42846,61769.79812,19531.377,98581.36599,88095.61267,504243.0418,104117.4579,20024.56419,144911.0859,109376.1867,38222.66355,26526.71689
80,114462.8695,108603.8638,29459.69143,125886.675,66738.87152,68651.70194,41766.72562,59563.53271,17963.92299,88682.73532,79346.77947,448410.1326,93697.09528,17520.53094,127429.3153,110299.7705,40560.86213,28066.68826
81,105450.9338,100084.9931,27736.91578,116169.1229,61649.74145,65486.48145,39655.82338,56037.22047,17219.15562,83979.45404,75189.8183,421881.4252,88745.91586,15855.49012,115804.9243,109043.3741,38439.50311,26669.53056
82,93742.00473,89016.68818,25498.56671,103543.4082,55037.59229,65484.23312,39654.32395,56034.71565,16242.3589,77810.88396,69737.7722,387087.8033,82252.21595,13691.40672,100696.4949,107959.8297,33674.14951,23530.99983
83,91519.28581,86915.57965,25073.65844,101146.6549,53782.40072,61970.30439,37310.86635,52119.91416,16336.01,78402.3001,70260.49109,390423.6671,82874.80415,13796.78764,101432.206,94637.87827,40881.03425,28277.55824
84,85759.15257,81470.59738,23972.51684,94935.51478,50529.59596,67564.65681,41041.76949,58352.47631,14936.99289,69567.36555,62451.79802,340590.5018,73574.20239,12029.71713,89095.50029,97967.82154,34417.18841,24020.37598
85,74255.31931,70596.16696,21773.37511,82530.95449,44033.26645,80139.01529,49427.67549,72361.33112,15626.18487,73919.68263,66298.56203,365139.6069,78155.91917,12670.09959,93566.29526,93539.8226,31235.41838,21924.81627
86,57240.14036,54511.93005,18520.65151,64183.52122,34424.62499,83404.67665,51605.56228,75999.54263,14729.2229,68255.27706,61292.11809,333189.7087,72192.95701,13049.20983,96213.03257,98607.45971,29238.98704,20609.93775
87,68845.80645,65482.62177,20739.26021,76697.88764,40978.46052,67039.70376,40691.67553,57767.63605,13433.72671,60074.08753,54061.23283,287043.9713,63580.55753,12336.28328,91235.77505,89413.90301,22578.02284,16222.93049
88,79091.09595,75167.36644,22697.81117,87745.36273,46764.07781,59644.18254,35759.56342,49528.42583,13883.24991,62912.87204,56570.27201,303056.0443,66568.96724,12752.60866,94142.32782,85422.51637,24309.83503,17363.52702
89,72094.01141,68553.1095,21360.20654,80200.42053,42812.7543,61748.91771,37163.2224,51873.27145,14340.73036,65801.90733,59123.72497,319351.5553,69610.27632,14067.20363,103320.1004,85773.18885,23206.39429,16636.78501
90,82961.65848,78716.62936,21380.76853,91250.83588,48379.67487,56437.91916,33986.51278,47494.57294,14097.31089,69767.19005,62413.92599,353229.16,73708.97786,13682.70292,100431.3022,78815.43219,32530.43652,22552.28085
91,84468.62457,80141.14566,21668.8492,92875.79439,49230.67367,56058.45347,33733.4451,47071.81739,14472.89695,72139.05401,64510.28082,366607.5827,76205.85681,11824.48215,87458.23593,75082.04198,34921.3675,24126.98254
92,74570.3545,70784.43414,19776.63656,82202.50967,43641.02173,55444.92576,33324.28024,46388.29779,15376.59694,77846.01082,69554.33336,398797.4897,82213.61298,13473.65056,98971.81459,77906.52621,28785.66387,20085.91948
93,69269.68238,65773.77475,18763.3283,76486.80557,40647.67925,61313.06166,37237.77102,52925.87693,14700.42682,73575.92813,65780.25163,374712.2251,77718.46496,14089.57218,103271.8375,75673.84292,35224.6348,24326.71876
94,64907.64958,61650.39943,17929.45596,71783.23437,38184.39577,64874.77742,39613.09806,56893.91706,14170.71431,70230.74005,62823.63131,355843.7989,74196.96041,16696.78197,121473.9294,112447.7758,33673.99175,23305.44285
95,64914.21136,61656.6022,17930.71035,71790.30992,38188.10127,65323.57948,39912.40652,57393.91894,13958.00765,68887.47599,61636.39707,348267.161,72782.89628,17193.55623,124942.1317,98739.27021,37771.51462,26004.13061
96,56508.83543,53711.10494,16323.8883,62726.80995,33441.50155,69015.0855,42374.29136,61506.55593,14508.82563,72365.94723,64710.81875,367887.3666,76444.709,12460.91856,91901.48175,73718.33082,41299.81933,28327.92307
97,63673.15181,60483.44405,17693.46197,70452.0779,37487.26255,56656.32052,34132.1658,47737.88976,14054.78137,69498.61182,62176.54506,351714.253,73426.24354,10973.24256,81515.35349,70679.88949,46285.43333,31611.52048
98,70789.55038,67210.48706,19053.87538,78125.67618,41505.96388,53190.80144,31820.99284,43877.02054,13783.6185,67786.19086,60663.03417,342055.3975,71623.56518,15349.85825,112070.4555,87595.3885,45137.0142,30855.15505
99,66166.67836,62840.54367,18170.13945,73140.84257,38895.3819,48015.13751,28369.31526,38110.9113,12921.75379,62343.42799,55852.48753,311355.6679,65893.92794,16755.64774,121884.8976,95516.53097,34595.94866,23912.65699
100,65304.16386,62025.21945,18005.25601,72210.79492,38408.31134,53322.97673,31909.14124,44024.27453,13615.25617,66722.96569,59723.31028,336058.31,70504.30008,16025.57468,116787.9326,94103.06176,26757.94129,18750.4321
101,71596.12508,67972.93209,19208.06504,78995.40406,41961.44467,50238.57417,29852.1369,40588.00001,15337.42229,77598.61897,69335.67785,397402.0839,81953.18172,16694.98114,121461.3571,89462.45222,16513.05179,12002.99986
102,60965.37976,57923.82083,17175.82803,67532.29274,35958.15664,44885.86393,26282.3862,34624.64683,15048.90566,75776.60727,67725.30598,387125.0853,80035.13636,16121.99697,117461.0996,85532.1695,17720.23626,12798.06899
103,58744.91667,55824.8447,16751.351,65137.97185,34704.23896,42961.85753,24999.25618,32481.14771,13985.79175,69062.93536,61791.47557,349256.8339,72967.60367,14121.1591,103492.3599,81187.31165,24606.60193,17333.52891
104,56092.97176,53317.99419,16244.38931,62278.38499,33206.65919,45499.56526,26691.66686,35308.35987,12353.38175,58754.10107,52680.08686,291110.1843,62115.41662,8798.977314,66335.84011,66047.00845,26232.31435,18404.2466
105,59779.46111,56802.78669,16949.12072,66253.51905,35288.45653,43078.46513,25077.02241,32611.05804,11296.22927,52078.07623,46779.53055,253454.2801,55087.51528,7956.717373,60455.64861,68592.07069,24042.41423,16961.94674
106,59773.56821,56797.2162,16947.99419,66247.16474,35285.12875,41222.55085,23839.30338,30543.41906,13627.94837,66803.11822,59794.15252,336510.4077,70588.67725,14062.26001,103081.1591,84721.72161,22007.99841,15622.05109
107,73128.76758,69421.71996,19501.05416,80648.04938,42826.94319,49234.49294,29182.50983,39469.37212,14714.54082,73665.05947,65859.02971,375214.9675,77812.29418,17196.77305,124964.5897,93522.56663,19262.03119,13813.51741
108,67994.61533,64568.46974,18519.57884,75111.90333,39927.63615,52751.38641,31527.94463,43387.47657,13572.46254,66452.71959,59484.45522,334533.9955,70219.80999,15959.43016,116326.1483,96511.45809,17090.78841,12383.50554
109,55052.34551,52334.30315,16045.45696,61156.2798,32619.00715,45978.19026,27010.8644,35841.58693,12078.17226,57016.12531,51143.98955,281307.1878,60285.83653,11106.04788,82442.52652,70707.27654,13928.50565,10300.78043
110,48704.72265,46333.97424,14832.00732,54311.65081,29034.44114,54097.65882,32425.78081,44887.33319,11986.78171,56438.98472,50633.88801,278051.8448,59678.27631,14204.43775,104073.7652,83255.43102,12968.25378,9668.344676
111,48750.29483,46377.05306,14840.71917,54360.79121,29060.1762,64155.34066,39133.30189,56092.40618,11986.09321,56434.6368,50630.04512,278027.3204,59673.69921,16053.5016,116982.9029,83246.18048,11861.4285,8939.37355
112,49376.19782,46968.71137,14960.37054,55035.70114,29413.62987,60632.85188,36784.13554,52168.06809,11791.09567,55203.20759,49541.65532,271081.4834,58377.36447,15479.56903,112976.0242,88258.8264,17591.97692,12713.59554
113,52049.6247,49495.86853,15471.43885,57918.45197,30923.34072,53410.57605,31967.56168,44121.86727,12037.7596,56760.91529,50918.42401,279867.6838,60017.17503,14438.46941,105707.6444,78275.06795,24646.82653,17360.02142
114,61168.33771,58115.67445,17214.62669,67751.14189,36072.76902,54767.38124,32872.42222,45633.45826,13067.70942,63265.15261,56667.14717,316554.626,66864.23435,12912.64256,95055.16802,80400.08618,24657.8127,17367.25706
115,52451.34449,49875.60924,15548.23401,58351.62561,31150.1959,59051.74467,35729.68679,50406.58647,12450.36833,59366.58115,53221.42296,294564.8586,62760.17899,17623.25951,127942.0815,102662.1771,19711.14141,14109.30789
116,49198.48985,46800.72624,14926.39882,54844.079,29313.27641,51956.96279,30998.13933,42502.42425,10968.98258,50011.48028,44952.98464,241797.7119,52911.99425,13775.78975,101081.1827,81227.59382,17128.63221,12408.43002
117,53274.50555,50653.73315,15705.59442,59239.23853,31615.04317,61731.96784,37517.14177,53392.57238,10564.91353,47459.74337,42697.65041,227404.7216,50225.7617,12649.6831,93219.33103,76789.47736,23120.72412,16354.90832
118,49445.84322,47034.54629,14973.68437,55110.79963,29452.95932,59294.91438,35891.85796,50677.49724,12518.19403,59794.90729,53599.99592,296980.8185,63211.08113,9999.205568,74715.16774,69915.89653,26750.15749,18745.30558
119,48322.7025,45972.85535,14758.97806,53899.71926,28818.71054,49305.07512,29229.58146,39548.00639,12341.12839,58676.71987,52611.69405,290673.7182,62033.95685,9751.124978,72983.20672,66081.35335,19002.20934,13642.39498
120,46696.88563,44412.9316,14015.13241,52005.94174,27780.56431,38641.26604,22665.66591,29974.93521,10535.10044,52258.11243,46744.27678,264902.1147,55208.5452,9085.563771,67518.91716,54170.30039,16547.82439,12025.9016
121,51454.49368,48910.23928,14924.62528,57136.06094,30467.23308,36784.45966,21427.35195,27906.30237,10241.34725,50403.03134,45104.67677,254438.5893,53255.68745,9592.794468,71060.12041,49032.22329,18009.71717,12988.7253
122,52530.88806,49927.74149,15130.39529,58296.73484,31075.08374,38126.88803,22322.62451,29401.87641,10482.60343,51926.58852,46451.26177,263032.1648,54859.5475,9444.406881,70024.16062,53928.62046,15099.07167,11071.73212
123,49125.64894,46708.81134,14479.42937,54624.87234,29152.11121,41852.29296,24807.11671,33552.27954,9638.312934,46594.8086,41738.80661,232958.4309,49246.74286,9776.841734,72345.03628,70928.57164,16078.70754,11716.93446
124,44846.99297,42664.25109,13661.49584,50011.2062,26735.91146,43844.75105,26135.89751,35772.03938,10182.25849,50029.87983,44774.8695,252333.8401,52862.86806,9519.889502,70551.1384,70603.26306,14144.04552,10442.7381
125,44604.16232,42434.7063,13615.07488,49749.36241,26598.78257,38291.65594,22432.50909,29585.44121,8855.751442,41652.85361,37370.8954,205083.4921,44044.30984,9058.194416,67327.83951,56105.17387,17300.59804,12521.68919
126,51019.40602,48498.95633,14841.45132,56666.90679,30221.53474,35429.85134,20523.95651,26397.15887,8413.160241,38857.8454,34900.54759,189318.3379,41101.98376,12628.90281,92256.54399,46953.74366,25802.9937,18121.48982
127,47818.35448,45473.04215,14229.51912,53215.21935,28413.86897,39682.99906,23360.40316,31135.51025,8246.783908,37807.16203,33971.90868,183391.992,39995.92151,11484.88204,84269.62587,55643.45536,20291.84737,14491.76922
128,42914.8625,40837.8322,13292.1382,47927.7938,25644.81809,37876.85663,22155.87725,29123.32116,8608.650619,40092.38692,35991.68819,196281.7297,42401.59486,8641.299084,64417.30765,62475.28383,17381.66595,12575.08169
129,45459.60332,43243.34403,13778.60611,50671.78271,27081.85864,39311.68954,23112.77488,30721.84135,8781.005296,41180.82414,36953.69556,202421.025,43547.40088,7890.742659,59177.3392,50972.01276,15005.80867,11010.30776
130,42182.661,40145.69123,13152.16617,47138.26239,25231.33659,37220.50844,21718.15518,28392.09606,8589.054047,39968.63258,35882.30882,195583.6974,42271.31775,7215.607403,54463.9195,45092.20526,17078.43186,12375.36734
131,39398.37344,37513.73886,12619.90507,44135.97072,23659.0216,37356.97058,21809.1625,28544.12594,8630.642832,40231.26997,36114.43897,197065.0951,42547.79809,8188.590616,61256.74836,44583.04466,15489.11726,11328.62178
132,42143.55373,40108.72362,13144.69019,47096.09311,25209.25232,40386.88013,23829.82516,31919.69083,8814.787893,41394.16466,37142.25504,203624.3654,43771.98604,9815.863491,72617.46454,45090.38471,14031.58417,10368.66943
133,39578.48078,37683.99208,12654.33547,44330.18009,23760.73001,40893.00146,24167.36015,32483.55103,9120.621868,43325.53715,38849.28466,214518.21,45805.15632,8612.44143,64215.83953,53301.46009,14909.85743,10947.11289
134,38896.71092,37039.52352,12524.00425,43595.02903,23375.72777,35250.23243,20404.16771,26197.04884,9934.235396,48463.58889,43390.51457,243499.2263,51214.02186,9052.128104,67285.48788,44342.16573,16060.51096,11704.94993
135,42185.89693,40148.75012,13152.78477,47141.75169,25233.16395,34953.10586,20206.01244,25866.02576,9855.121057,47963.97383,42948.93341,240681.1635,50688.07335,8507.159827,63480.8218,47271.04411,16773.15005,12174.30433
136,40286.48908,38353.26352,12789.68258,45093.62403,24160.54937,35195.11535,20367.40984,26135.64395,8875.137113,41775.27608,37479.09762,205774.0121,44173.18489,7539.206091,56723.10597,48634.30026,16394.34186,11924.81578
137,41061.14885,39085.53976,12937.77118,45928.9381,24598.00748,36472.37804,21219.22306,27558.61814,9192.054164,43776.63932,39247.98806,217062.6374,46280.03496,8642.119862,64423.03787,50274.26553,14317.55428,10557.01348
138,48406.2246,46028.74846,14341.8999,53849.11852,28745.8451,34654.48002,20006.85728,25533.33236,9443.066095,45361.80506,40649.02534,226003.714,47948.7508,8271.653852,61836.64977,55802.95573,14488.67865,10669.71846
139,46091.59221,43840.75526,13899.42089,51353.25506,27438.74907,33110.19387,18976.96471,23812.87238,8601.547346,40047.52903,35952.04087,196028.7103,42354.37263,7702.516302,57863.24723,47584.17919,12621.38591,9439.892485
140,48869.35555,46466.54038,14430.43478,54348.51169,29007.37977,32614.83409,18646.60665,23261.00143,8530.651911,39599.81719,35556.33399,193503.4059,41883.06302,8302.343309,62050.90653,52964.18015,14015.77958,10358.2603
141,46633.82342,44353.31968,14003.07706,51937.94189,27744.95245,35681.59506,20691.84572,26677.62179,8066.461682,36668.40893,32965.42998,176968.8916,38797.14759,9982.913089,73783.71213,64855.27935,13292.45088,9881.865565
142,41711.27152,39700.09263,13062.05253,46629.96406,24965.13824,35798.19786,20769.60874,26807.52675,7893.023107,35573.12678,31997.37277,170790.9877,37644.13588,9734.034797,72046.182,63397.25473,14354.12175,10581.09734
143,43717.02652,41596.10787,13445.48468,48792.76565,26097.80812,38118.5284,22317.04942,29392.5631,7730.08065,34544.12868,31087.90024,164986.9569,36560.90187,11650.42976,85425.38819,56257.57353,12600.90036,9426.400403
144,45779.21012,43545.46436,13839.70406,51016.41408,27262.34379,41733.50738,24727.89798,33419.94277,7987.692629,36170.97439,32525.77606,174163.128,38273.49453,11767.24073,86240.8975,57503.26341,13203.22298,9823.098781
145,43227.20206,41133.0829,13351.8469,48264.58892,25821.19936,41519.51073,24585.18248,33181.53315,7763.163631,34753.05106,31272.55477,166165.3768,36780.83602,10474.07176,77212.70942,58984.97475,13199.36761,9820.55958
146,37956.57438,36150.82415,12344.28212,42581.28168,22844.82328,37382.00983,21825.8613,28572.0217,7603.473905,33744.59428,30381.23753,160477.2087,35719.22602,7149.613664,54003.18784,47802.22641,12542.95192,9388.234721
147,38169.00487,36351.63205,12384.8916,42810.34506,22964.7849,38349.46282,22471.06081,29649.84277,7833.740535,35198.75134,31666.48374,168679.335,37250.02805,7227.524504,54547.11809,48589.75073,14049.52765,10380.48727
148,36325.28802,34608.78945,12032.43564,40822.26888,21923.61958,36166.78673,21015.42261,27218.16465,7928.580097,35797.67277,32195.83612,172057.5322,37880.51712,7532.040906,56673.08262,48092.44,13245.25393,9850.780971
149,39478.63868,37589.61258,12635.24905,44222.52055,23704.34818,36418.53885,21183.31742,27498.63691,7916.42117,35720.88791,32127.97038,171624.4296,37799.68513,7297.155215,55033.24107,49483.02918,12247.46128,9193.620317
150,38315.79411,36490.39009,12412.95271,42968.62759,23047.67824,33976.98626,19555.03312,24778.54938,7691.573677,34300.95325,30872.97138,163615.3336,36304.90927,7263.991793,54801.71246,46734.12028,11920.59015,8978.338271
151,36187.37004,34472.65248,11897.80922,40638.38659,21815.72812,32891.8434,18831.34563,23569.61226,6733.133801,30311.74644,27266.70772,145431.1734,32077.09842,6836.317477,51611.50008,44547.93688,12198.52758,9161.391879
152,34537.63791,32913.18123,11582.43654,38859.48375,20884.10791,32380.01103,18490.00192,22999.3895,6673.665691,29936.19932,26934.78311,143312.9118,31681.75715,6513.235677,49355.92224,41551.18236,12646.15841,9456.208011
153,33104.10474,31558.08016,11308.39375,37313.70781,20074.57741,31784.69882,18092.98507,22336.16344,6673.311187,29933.96058,26932.80442,143300.2843,31679.40042,6035.432029,46020.16232,38410.04659,11238.74672,8529.266337
154,38332.8539,36500.75167,12307.95278,42951.85752,23027.30427,34442.41355,19865.42904,25297.07312,7318.027378,34005.40856,30531.32429,166265.1562,35965.44418,7304.230403,54878.20846,42327.83593,12248.61225,9194.378366
155,36867.43569,35115.51007,12027.81465,41371.70001,22199.76798,33604.76343,19306.79576,24363.86297,7075.893588,32476.30918,29179.84085,157640.3201,34355.74981,7109.507303,53518.75984,43786.38539,12109.55938,9102.796136
156,35548.55432,33868.78793,11775.68938,39949.55288,21454.9825,32656.1165,18674.13811,23306.99338,7134.431483,32845.98191,29506.57342,159725.4473,34744.90707,9175.386531,67941.58219,45762.51359,12079.72859,9083.149147
157,38274.48682,36445.57799,12296.79498,42888.92041,22994.3438,33646.8541,19334.86624,24410.75539,7921.289905,37815.07244,33898.46819,187753.4433,39975.90588,8397.354779,62509.79625,42140.29428,12541.75508,9387.446466
158,36490.11961,34758.83788,11955.68465,40964.84084,21986.69382,33630.75359,19324.12873,24392.81812,7647.345612,36085.08652,32369.43263,177995.5131,38154.73674,6912.270211,52141.75992,40123.28696,13541.25445,10045.73119
159,35125.27565,33468.66787,11694.77289,39493.13234,21215.95281,31553.85644,17939.03506,22078.98631,6967.794225,31793.65076,28576.47815,153789.8072,33637.11019,5990.555905,45706.86213,41801.44738,11781.13371,8886.490245
160,30811.37265,29390.78905,10870.10133,34841.4594,18779.84871,28693.80677,16031.65285,18892.6591,6222.562668,27087.43809,24416.92608,127244.5654,28682.84487,5482.731738,42161.5156,41587.40764,11281.06874,8557.140232
161,32532.34592,31017.60367,11199.0929,36697.18143,19751.6995,31913.73563,18179.04039,22479.9209,6775.512885,30579.37465,27503.24898,146940.7217,32358.83263,6701.130593,50667.70028,44709.64143,11853.52693,8934.169465
162,32292.48992,30790.87077,11153.24059,36438.54518,19616.25042,36956.56239,21542.12816,28098.03875,7452.239256,34852.97014,31280.43548,171045.8002,36857.67861,7667.550059,57414.70469,43080.31474,12272.07389,9209.830538
163,33636.02035,32060.89336,11410.07792,37887.27134,20374.95547,33321.06954,19117.5988,24047.80497,7198.366296,33249.73672,29863.4292,162002.8134,35169.94278,6709.092018,50723.28252,40979.38677,12002.80288,9032.484763
164,34295.23857,32684.04415,11536.09803,38598.10503,20747.22258,32988.71593,18895.95043,23677.53611,7056.703772,32355.12355,29072.73181,156956.7765,34228.17679,6608.057065,50017.91255,40297.31712,11787.65473,8890.78508
165,35245.70176,33582.50517,11717.79427,39622.98757,21283.95863,37692.75911,22033.10164,28918.22159,8214.075523,39664.04324,35532.66767,198182.5038,41922.33128,6315.649266,47976.48356,39805.54157,11854.28905,8934.671409
166,33860.84305,32273.41547,11453.05638,38129.69721,20501.91509,35286.17105,20428.13536,26237.08738,7387.888452,34446.5883,30921.25782,168753.6164,36429.87741,5890.074036,45005.35348,41174.65217,11431.3775,8656.135752
167,30702.22792,29287.6159,10849.23657,34723.76886,18718.21359,31593.59222,17965.53507,22123.25519,6363.315382,27976.30572,25202.54531,132258.1948,29618.56248,5299.987988,40885.70015,41673.88072,10255.80768,7881.888484
168,32390.80073,30883.80276,11172.03428,36544.55353,19671.76752,31233.89932,17725.65397,21722.52813,6532.259541,29043.20517,26145.51668,138276.007,30741.69552,6079.738894,46329.48827,42793.32485,11858.20245,8937.248826
169,32225.60723,30727.6474,11140.4549,36366.42571,19578.4811,30624.28807,17319.10102,21043.37178,6494.796988,28806.62536,25936.41733,136941.5861,30492.64618,6015.261538,45879.34314,42794.18595,11643.40743,8795.781727
170,31946.78294,30464.07827,11087.15317,36065.77004,19421.02624,30716.99934,17380.93065,21146.65965,6549.574526,29152.55105,26242.16125,138892.7689,30856.80475,6096.521878,46446.65774,42210.14092,11595.51062,8764.236194
171,31996.74068,30511.3027,11096.70339,36119.63937,19449.23787,30022.54805,16917.79742,20372.98462,6508.280985,28891.77817,26011.67902,137421.8878,30582.28718,6028.267307,45970.14221,43244.95069,11499.7432,8701.162386
172,31731.13872,30260.23247,11045.92933,35833.24131,19299.24979,30009.40474,16909.03208,20358.3419,6499.069415,28833.60617,25960.26412,137093.7705,30521.04908,5829.550629,44582.81264,41762.34781,11667.10389,8811.388554
173,31107.42114,29670.64,10926.69574,35160.6879,18947.03025,30349.56869,17135.88921,20737.31211,6424.599034,28363.31818,25544.60348,134441.1262,30025.97339,5776.328561,44211.24569,39642.19409,11562.38168,8742.416999
174,28707.06869,27401.61671,10467.82998,32572.39268,17591.52725,28631.50287,15990.10206,18823.24751,6077.414631,26170.81355,23606.77411,122074.3741,27717.90736,5421.978755,41737.37199,37199.24878,11019.1014,8384.604755
175,31597.24026,30133.65992,11020.3325,35688.85886,19223.63599,29966.82191,16880.63336,20310.90117,6398.541669,28198.76328,25399.16282,133512.9596,29852.74523,5866.082435,44837.85744,39755.70987,11637.45471,8791.861179
176,31474.57086,30017.70206,10996.88228,35556.5847,19154.36336,29749.79447,16735.89662,20069.11501,6391.025571,28151.29837,25357.2113,133245.2352,29802.77855,5932.30902,45300.2147,39348.14347,11982.01016,9018.790377
177,31517.87294,30058.63499,11005.16017,35603.27725,19178.81648,29916.46284,16847.04864,20254.79709,6403.112928,28227.63125,25424.67756,133675.7884,29883.13474,5967.43228,45545.4258,39756.88846,12656.33727,9462.911951
178,31688.89006,30220.29534,11037.85282,35787.68466,19275.39155,29546.73499,16600.47518,19842.89029,6419.106112,28328.62982,25513.94443,134245.4676,29989.4567,5907.154282,45124.59828,39584.04705,12158.17017,9134.811901
179,31337.60167,29888.22679,10970.69843,35408.89109,19077.01549,29652.06666,16670.72143,19960.23831,6417.26191,28316.9835,25503.65091,134179.7769,29977.19653,5854.057238,44753.90418,39372.92442,11875.73724,8948.797497
180,30983.40471,29553.40882,10902.98802,35026.96123,18876.99693,29397.88103,16501.20369,19677.0549,6375.518068,28053.36691,25270.65529,132692.856,29699.68538,5710.302057,43750.28528,39317.61986,11391.4648,8629.848669
181,28494.26532,27200.45633,10427.14921,32342.92723,17471.35506,28735.85878,15968.39173,18554.96233,5714.533209,25254.80598,22743.54606,119785.5513,26734.724,5206.190905,40026.43333,35953.72895,10298.45373,7909.975788
182,31679.81008,30211.71214,11036.11704,35777.89374,19270.264,30441.35801,17105.79816,20455.02675,6048.56987,27364.28128,24607.99056,131683.9791,28955.38445,5908.364941,44928.62278,38634.2065,11531.87288,8722.323459
183,31319.46159,29871.0792,10967.23066,35389.33069,19066.77161,29917.00738,16756.10596,19870.85764,6047.442503,27357.16185,24601.69811,131643.8222,28947.88977,5739.302217,43748.32066,38501.50291,11944.2118,8993.895826
184,31248.29057,29803.80212,10953.62518,35312.58712,19026.58062,29748.4474,16643.69242,19683.06815,5987.732105,26980.08464,24268.42114,129516.9303,28550.93777,5772.647492,43981.11887,38477.77564,11450.59823,8668.794802
185,31391.13632,29938.83243,10980.93243,35466.61741,19107.24704,29931.48855,16765.76353,19886.99083,5958.830416,26797.56755,24107.10473,128487.4485,28358.80066,5654.752948,43158.04459,38447.04646,11462.26924,8676.481497
186,31575.8569,30113.44649,11016.24473,35665.80123,19211.5606,29988.72903,16803.93751,19950.76136,5940.351129,26680.86898,24003.96154,127829.214,28235.95121,5825.729503,44351.70801,39240.75142,11874.798,8948.178898
187,31447.10762,29991.74141,10991.63224,35526.97115,19138.85459,30008.0897,16816.84924,19972.33073,5909.881677,26488.45131,23833.89458,126743.8883,28033.39168,5724.905808,43647.81292,39027.1264,12274.30377,9211.299171
188,28985.48477,27664.79996,10521.05366,32872.60817,17748.75159,28696.68778,15942.26838,18511.32266,5622.480338,24673.48278,22229.74776,116506.6164,26122.76073,5120.463381,39427.93132,38727.62568,10321.34093,7925.049626
189,31123.36313,29685.70977,10929.74331,35177.87811,18956.03285,29955.25993,16781.61679,19913.47407,5933.418378,26637.08796,23965.266,127582.2685,28189.8626,5690.700902,43409.01325,39770.33748,11580.7723,8754.529323
190,31056.60413,29622.60331,10916.98125,35105.89201,18918.33337,29636.83814,16569.25961,19558.72638,5936.538513,26656.79193,23982.68121,127693.4081,28210.60511,5771.960447,43976.32231,37945.76529,11607.2394,8771.960936
191,31419.2364,29965.39509,10986.30421,35496.91767,19123.11544,30397.97121,17076.86328,20406.69034,5957.637243,26790.03255,24100.44497,128444.9476,28350.86851,5680.680343,43339.05527,38098.34182,12151.3794,9130.339406
192,31940.16915,30457.82633,11085.88884,36058.6384,19417.29136,30259.70322,16984.65162,20252.64858,6012.650649,27137.44777,24407.50541,130404.532,28716.59511,5802.868383,44192.10436,38630.85824,11433.20306,8657.338089
193,31430.49042,29976.03337,10988.4556,35509.05285,19129.47069,29970.42829,16791.73265,19930.37286,5943.178657,26698.72511,24019.74355,127929.9309,28254.74849,5673.19576,43286.80207,38964.07649,11366.86343,8613.645851
194,30754.49576,29337.02403,10859.22841,34780.12917,18747.72976,29718.32693,16623.60492,19649.5115,5905.609633,26461.47292,23810.04992,126591.7175,28004.99133,6141.609569,46557.00734,37972.57017,11338.60158,8595.032187
195,28479.89697,27186.87411,10424.40247,32327.43387,17463.24111,28374.3389,15727.29221,18152.19987,5614.979803,24626.11614,22187.88309,116239.4464,26072.89751,5117.795876,39409.30828,35266.98943,10106.46907,7783.531919
196,31058.91916,29624.79168,10917.42381,35108.38831,18919.64069,29706.83632,16615.94177,19636.71003,5927.115191,26597.2827,23930.08441,127357.7482,28147.9593,5599.588755,42772.9188,37622.62434,11236.44265,8527.748845
197,31046.95573,29613.48281,10915.13681,35095.48817,18912.88483,29860.87329,16718.66984,19808.31971,5921.62016,26562.58102,23899.41358,127162.0145,28111.42858,5582.653585,42654.68685,38080.28977,11333.41036,8591.613179
198,31057.75269,29623.68903,10917.20082,35107.13051,18918.98198,29665.83561,16588.59819,19591.03192,5938.116612,26666.75778,23991.48946,127749.6202,28221.09624,5571.091267,42573.96516,37856.34309,11242.77789,8531.921321
199,31070.52024,29635.75804,10919.64154,35120.89772,18926.19194,30041.01083,16838.80452,20009.00753,5900.131066,26426.87522,23779.47099,126396.5703,27968.57007,5592.784289,42725.4138,38714.50897,11427.36327,8653.491923
200,31337.33483,29887.97455,10970.64742,35408.60337,19076.8648,29697.76532,16609.89227,19626.6042,5903.614851,26448.87567,23798.91593,126520.6631,27991.73011,5569.60812,42563.61065,39615.10037,11294.18139,8565.776412
201,30694.06843,29279.90283,10847.67676,34714.9705,18713.60584,29788.29341,16670.26593,19727.45983,5868.581027,26227.63353,23603.37266,125272.7539,27758.82685,5696.426697,43448.98758,39657.61149,11018.57367,8384.257182
202,28069.6968,26799.11699,10345.98615,31885.11585,17231.59698,28242.95695,15639.6729,18005.82973,5549.802221,24214.51312,21824.09073,113917.8127,25639.59992,4997.696844,38570.84349,35024.54024,10251.79786,7879.24756
203,31069.52767,29634.81977,10919.4518,35119.82744,18925.63142,29701.54015,16612.40973,19630.80967,5899.73926,26424.40092,23777.2841,126382.6141,27965.96536,5538.150026,42343.98769,38367.20002,12376.50221,9278.608537
204,31086.14426,29650.52723,10922.62832,35137.74508,18935.01498,29719.01667,16624.06491,19650.27993,5908.53472,26479.94514,23826.37646,126695.9095,28024.43718,5527.296081,42268.21147,38387.95017,11456.9579,8672.983373
205,30993.67806,29563.12008,10904.95193,35038.03896,18882.79839,30020.88331,16825.38137,19986.58384,5963.479665,26826.92803,24133.05478,128653.0553,28389.70866,5653.851917,43151.75409,38358.38465,11477.10874,8686.255003
206,31499.71242,30041.46807,11001.68849,35583.6948,19168.56105,30268.60215,16990.58637,20262.56272,5944.352861,26706.14033,24026.29744,127971.7562,28262.55454,5641.793233,43067.56705,38625.03881,11544.00722,8730.31531
207,31912.93732,30432.08442,11080.68304,36029.27437,19401.91328,29759.11436,16650.80627,19694.95201,5907.386288,26472.69268,23819.96642,126655.0022,28016.80245,5576.879871,42614.37798,38598.39806,11590.31478,8760.814143
208,30799.75212,29379.80431,10867.87989,34828.92901,18773.28648,29647.75695,16576.54143,19570.89082,5877.518977,26284.07759,23653.26034,125591.1248,27818.24594,5536.661749,42333.59737,38767.90981,11991.80396,9025.240712
209,28059.57175,26789.5459,10344.05058,31874.19802,17225.87926,28230.3017,15631.23304,17991.73075,5616.3363,24634.68256,22195.45446,116287.765,26081.91544,5025.249847,38763.20327,36279.92143,10196.25536,7842.666467
210,30958.58442,29529.9465,10898.24322,35000.19756,18862.98066,29765.65369,16655.16739,19702.23735,5965.50011,26839.68734,24144.332,128725.0238,28403.14048,5596.986779,42754.75326,38290.22238,11383.55762,8624.640886
211,31079.6827,29644.4192,10921.39309,35130.77759,18931.36607,29605.46799,16548.3387,19523.77749,5878.901349,26292.80741,23660.97612,125640.3651,27827.43588,5634.407057,43016.00087,38171.24644,11358.56942,8608.183294
212,31013.28328,29581.65265,10908.69978,35059.17923,18893.86966,28480.34163,15980.59766,19039.38775,5954.649237,26599.20982,23938.49036,127008.882,28152.34991,5624.657385,42947.93406,39175.72662,11173.12075,8486.044122
213,30773.15788,29354.66511,10862.79597,34800.2525,18758.26845,28717.58069,16138.81364,19303.69129,5943.30014,26527.53913,23875.14473,126604.6258,28076.90163,5676.990276,43313.29327,38878.35795,11200.03415,8503.769679
214,30661.37854,29249.00149,10841.42756,34679.72106,18695.14554,28675.82772,16110.96836,19257.1751,5938.132917,26494.90759,23846.30358,126420.5686,28042.55017,5605.836946,42816.5402,38918.5519,11208.80111,8509.543724
215,30480.23177,29077.7657,10806.79846,34484.39086,18592.85015,28447.97428,15959.0117,19003.3279,5876.839405,26107.83286,23504.19037,124237.286,27635.0737,5531.538492,42297.82963,38596.82966,11183.12181,8492.630966
216,28656.20908,27353.53974,10458.10735,32517.55085,17562.80632,27530.88944,15347.40298,17981.62103,5589.808976,24295.20666,21902.11381,114013.226,25726.90853,5108.596375,39345.08248,36308.49112,10013.9834,7722.619521
217,31754.57417,30282.3857,11050.40939,35858.5117,19312.48402,29104.13241,16396.60702,19734.34125,5991.121584,26829.53638,24142.06282,128308.0316,28394.8164,5820.719322,44316.72971,38884.36183,11350.21562,8602.681361
218,32310.28498,30807.69222,11156.6424,36457.73356,19626.29947,29000.78132,16327.68163,19619.19975,6010.672449,26953.00207,24251.18708,129004.4358,28524.78966,5776.661393,44009.1417,40238.24983,11358.73424,8608.291851
219,32219.12187,30721.51686,11139.21511,36359.43255,19574.81875,29298.54505,16526.26183,19950.93269,6062.288474,27278.96249,24539.28484,130843.0052,28867.93064,5751.321669,43832.23381,39986.27107,11828.7576,8917.856022
220,31311.30023,29863.36437,10965.67049,35380.53031,19062.16281,29997.61923,16992.47809,20729.758,6041.700381,27148.9466,24424.37123,130109.6547,28731.06193,5559.674501,42494.25963,39442.25257,12171.63889,9143.682595
221,30954.85746,29526.42345,10897.53075,34996.17878,18860.87601,29341.67337,16555.02434,19998.98114,5965.105107,26665.23969,23996.85038,127381.3214,28221.86005,5526.486986,42262.56282,38765.71259,11671.53439,8814.306545
222,30282.93329,28891.26189,10769.0817,34271.6443,18481.43372,29830.18885,16880.81788,20543.22698,5997.174597,26867.76177,24175.84805,128523.6407,28435.05656,5573.539041,42591.05416,38692.53031,11173.02928,8485.983883
223,28042.57134,26773.47563,10340.80068,31855.86652,17216.27896,28469.64372,15973.46316,19027.46941,5659.280205,24733.9245,22289.8714,116487.7999,26188.75008,5026.467246,38771.70248,35916.82355,10195.84848,7842.398485
224,30821.23233,29400.10928,10871.98617,34852.09108,18785.41657,29285.89677,16517.82663,19936.84148,5947.656273,26555.04854,23899.45873,126759.7917,28105.861,5716.306638,43587.77829,38888.93719,11335.68285,8593.109873
225,30793.61843,29374.00621,10866.70733,34822.31506,18769.82272,28557.15913,16031.82765,19124.96867,5928.106861,26431.59203,23790.34258,126063.4392,27975.89741,5607.169356,42825.84235,38262.10787,11252.61913,8538.402907
226,30823.19784,29401.96725,10872.36191,34854.21048,18786.52651,29425.65575,16611.03263,20092.54431,5983.64041,26782.29201,24100.30623,128041.5512,28345.0819,5646.721806,43101.97561,38350.80493,11168.30567,8482.872841
227,30721.21488,29305.56403,10852.86624,34744.24247,18728.93572,29402.54553,16595.6203,20066.79765,6000.372358,26887.95596,24193.69654,128637.5453,28456.31513,5772.514592,43980.19104,38471.51722,11398.70179,8634.615054
228,30653.50478,29241.55852,10839.92237,34671.2308,18690.69915,29121.9727,16408.5048,19754.21678,5949.267117,26565.22119,23908.44975,126817.1702,28116.56982,5631.782778,42997.67961,38608.85316,11390.24674,8629.04644
229,30574.60759,29166.97799,10824.83991,34586.15612,18646.14511,28940.63144,16287.56736,19552.18791,5921.168076,26387.7729,23751.61336,125816.2788,27929.76868,5545.836594,42397.65104,38309.88734,11937.91749,8989.750304
230,29126.80141,27798.38482,10548.0686,33024.98962,17828.55451,28434.63147,15950.11331,18988.46291,5635.928877,24586.4585,22159.53464,115656.0227,26033.51152,5087.433127,39197.33242,35863.54731,10479.69012,8029.340694
231,32126.9929,30634.42849,11121.60319,36260.09007,19522.7926,29240.44788,16487.51652,19886.20773,5949.649325,26567.63487,23910.58306,126830.7845,28119.11072,5692.851797,43424.02961,38525.64793,11353.76317,8605.01783
232,32870.45255,31337.21165,11263.72739,37061.76112,19942.63169,31346.06897,17891.76634,22232.04034,5972.962479,26714.85979,24040.70675,127661.202,28274.0955,5684.373735,43364.84049,39153.92599,11268.62566,8548.94504
233,32772.05826,31244.20076,11244.91775,36955.66276,19887.06745,32151.64141,18429.00685,23129.51335,5944.947262,26537.94087,23884.33823,126663.2964,28087.85163,5717.953638,43599.27674,39137.80062,11292.5798,8564.721582
234,31820.87613,30345.06013,11063.08407,35930.00498,19349.92541,30808.98328,17533.58105,21633.68333,6024.970738,27043.29721,24330.99379,129513.7427,28619.84403,5967.377019,45340.61236,39639.2567,11517.00231,8712.52949
235,32338.94273,30834.78204,11162.12079,36488.63515,19642.48279,31074.62069,17710.73604,21929.62494,6138.717004,27761.61639,24965.875,133565.399,29376.02401,5928.021961,45065.85719,41639.5481,12164.76301,9139.154043
236,31672.7764,30205.0633,11034.77244,35770.30934,19266.29201,31642.91171,18089.73233,22562.74722,6243.440479,28422.95573,25550.395,137295.6624,30072.22088,5741.285654,43762.16792,40118.146,13724.0027,10166.09183
237,28846.73689,27533.64332,10494.52979,32722.99662,17670.39928,28870.53435,16240.81924,19474.09407,5830.906061,25817.75915,23247.81082,122601.1345,27329.71093,4993.639581,38542.51793,36904.41772,11383.82685,8624.818207
238,31046.65842,29613.20176,10915.07997,35095.16758,18912.71693,30441.52641,17288.52213,21224.30659,6118.577889,27634.43584,24853.46739,132848.0412,29242.1401,5576.641236,42612.71196,38678.05647,13853.36122,10251.28922
239,31362.54076,29911.8014,10975.46593,35435.78286,19091.09884,29256.05611,16497.92573,19903.59656,6020.544614,27015.34579,24306.28913,129356.0836,28590.41936,5653.395504,43148.56767,39734.66989,11650.28847,8800.313678
240,32101.22319,30610.06871,11116.6769,36232.30265,19508.24019,29237.42905,16485.50325,19882.84451,6058.073548,27252.34481,24515.75899,130692.869,28839.91,5654.757329,43158.07517,41187.94248,11513.30106,8710.091787
241,32823.1893,31292.53429,11254.69227,37010.79726,19915.94166,29445.71611,16624.41099,20114.89318,6053.759785,27225.10296,24491.68148,130539.2122,28811.2323,5897.137835,44850.24136,42030.79169,11380.72094,8622.772608
242,32151.64788,30657.73455,11126.31638,36286.67549,19536.71551,29465.6585,16637.71068,20137.11063,6068.365546,27317.33981,24573.20436,131059.4712,28908.33073,5973.247981,45381.60016,43461.84694,11487.109,8692.841323
243,30985.34961,29555.2473,10903.35981,35029.05841,18878.09523,31353.26968,17622.65103,21086.42416,6237.796582,28043.40762,25228.33949,134435.3613,29677.39158,6110.581635,46544.81516,44148.78269,11412.56515,8643.745666
244,29895.25762,28524.79691,10694.97129,33853.61441,18262.5094,30356.46463,16957.87649,19975.90252,6001.194073,26549.23884,23907.7292,126007.5501,28104.46891,5415.367453,41691.21555,40067.64579,10213.10879,7853.766378
245,34528.25494,32904.31162,11580.64284,38849.36611,20878.80925,33209.50001,18860.58083,23154.41524,6424.228587,29220.74459,26268.92026,141076.0928,30916.78302,5947.269009,45404.65704,41668.36063,11349.96178,8602.514178
246,34227.1223,32619.65468,11523.07651,38524.65538,20708.75664,32533.04039,18409.44635,22400.78438,6329.12866,28620.17893,25738.11464,137688.6214,30284.56305,5768.951035,44159.7399,40101.58611,11349.76452,8602.38426
247,32980.01933,31440.78377,11284.67284,37179.90676,20004.50514,32677.9543,18506.09019,22562.23022,6289.433896,28369.50248,25516.55607,136274.6889,30020.67408,5982.645615,45651.63687,39902.76034,11534.43337,8724.009834
248,33938.83165,32347.13712,11467.96514,38213.79215,20545.95603,32824.19113,18603.61631,22725.14991,6510.366927,29764.71692,26749.70628,144144.3513,31489.42677,6175.294596,46996.60515,39695.73495,11434.79489,8658.386491
249,33388.44564,31826.86407,11362.75006,37620.31203,20235.14756,32600.41843,18454.38112,22475.84898,6509.980222,29762.27484,26747.54786,144130.5768,31486.85597,6033.95497,46009.85031,40263.6953,11589.69163,8760.403722
250,32459.54997,30948.79055,11185.17679,36618.68569,19710.5909,32711.131,18528.21591,22599.19176,6234.02536,28019.59197,25207.2902,134301.0299,29652.32067,5720.660001,43822.5987,39574.79914,11101.96498,8439.179904
251,29141.09896,27811.90012,10550.8018,33040.40664,17836.62848,31232.34727,17542.00724,20951.70679,5914.740622,26003.27655,23425.18438,122928.0673,27529.73032,5201.605079,40198.84527,37443.42758,11278.6148,8555.524031
252,33342.09877,31783.05296,11353.89011,37570.33629,20208.97502,32888.05286,18646.20603,22796.29706,6370.065131,28878.69688,25966.60387,139146.7836,30556.70684,5858.176602,44782.66329,40147.87805,15392.91456,11265.26129
253,34626.52436,32997.20448,11599.42861,38955.32983,20934.30298,32212.25141,18195.51048,22043.39945,6295.073468,28405.11695,25548.03367,136475.5712,30058.1657,6145.948133,46791.72443,41261.92289,12986.3292,9680.249404
254,33325.21598,31767.09387,11350.6627,37552.13162,20199.44114,32863.41507,18629.77496,22768.84856,6414.351386,29158.36907,26213.7901,140724.2656,30851.11984,6758.415003,51067.62824,44255.24111,13072.20727,9736.809945
255,32685.14083,31162.03879,11228.30209,36861.93987,19837.98431,32392.46558,18315.69626,22244.17264,6344.198076,28715.34381,25822.22544,138225.3959,30384.74384,6791.192597,51296.46321,44832.76282,12312.82256,9236.668199
256,33620.21536,32045.95311,11407.05655,37870.22886,20366.03023,32393.9043,18316.65575,22245.7755,6230.382015,27996.58388,25186.95466,134171.2535,29628.09987,6804.714615,51390.86643,43593.10556,11494.23555,8697.534969
257,35417.93553,33745.31561,11750.71951,39808.7069,21381.22076,32764.17873,18563.59373,22658.29124,6106.601595,27214.89801,24496.06725,129762.1793,28805.2133,6542.252222,49558.49965,42395.07258,11689.60334,8826.207022
258,30768.56661,29350.32503,10861.91828,34795.30173,18755.67571,32697.18177,18518.9131,22583.65118,5958.252575,26278.05893,23668.04881,124477.9686,27818.9958,6308.060363,47923.50206,40117.11308,11371.22036,8616.515387
259,33628.10088,32053.40719,11408.56399,37878.73179,20370.48326,32814.65496,18597.25659,22714.52585,7284.800231,34655.34158,31072.24954,171729.763,36637.82397,7519.289973,56379.63504,43716.81675,14792.38257,10869.74225
260,35297.05663,33631.05029,11727.61157,39678.36342,21312.95924,32011.89787,18061.89365,21820.18936,6442.849838,29338.33968,26372.85583,141739.3841,31040.57625,6712.98897,50750.48888,42902.39962,13202.34497,9822.52051
261,35913.67017,34213.9274,11845.48711,40343.25656,21661.16706,33019.22938,18733.68835,22942.43834,6472.191721,29523.63663,26536.6292,142784.5456,31235.63974,7449.468608,55892.18102,45142.26548,12551.74105,9394.023369
262,36765.11254,35018.78527,12008.25394,41261.36516,22141.98507,33885.14689,19311.1733,23907.14065,6364.855609,28845.79823,25937.52663,138961.2198,30522.07418,7045.036101,53068.65769,43513.00044,13725.68939,10167.20271
263,34798.81503,33160.0687,11632.36472,39141.1105,21031.59723,32850.69531,18621.29209,22754.67772,6325.025732,28594.26853,25715.21392,137542.4746,30257.28698,6165.814763,46930.42222,41785.76649,14348.75285,10577.5613
264,33926.47584,32335.45732,11465.60313,38200.46891,20538.97858,34485.14332,19711.31408,24575.58531,6691.84234,30910.75251,27762.62155,150608.5283,32695.86702,6806.628447,51404.22775,44291.43788,16671.23997,12107.18488
265,33440.03431,31875.63021,11372.61206,37675.93999,20264.2802,34872.94645,19969.94204,25007.62944,6627.802095,30506.33189,27405.1773,148327.4067,32270.1304,6527.669499,49456.69118,44724.88235,19280.72424,13825.82892
266,37343.34175,35565.37815,12118.7917,41884.86856,22468.51688,38069.69653,22101.87153,28569.0682,7284.026755,34650.457,31067.93234,171702.2117,36632.68193,6383.509041,48450.24286,42297.45422,21777.12588,15469.9951
267,34603.15123,32975.11015,11594.96046,38930.12662,20921.10393,41634.59553,24479.32148,32540.65472,7141.138404,33748.10261,30270.39294,166612.5106,35682.76671,6399.400204,48561.18614,42347.97556,15109.46133,11078.5749
268,37399.5079,35618.47131,12129.52876,41945.4324,22500.23447,38580.54676,22442.56024,29138.19677,7135.209271,33710.65954,30237.29915,166401.3142,35643.35011,7428.89148,55748.52293,47522.35278,15182.34194,11126.57512
269,36220.83992,34504.29114,11904.20753,40674.47709,21834.62889,33637.11468,19145.75931,23630.81266,6880.830253,32104.2303,28817.46828,157340.3015,33952.25002,7284.716676,54741.97445,45882.71531,12304.88639,9231.441325
270,34543.37324,32918.60276,11583.53294,38865.66814,20887.34671,37326.22012,21606.04319,27740.7752,6976.216982,32706.60715,29349.8747,160737.9888,34586.37664,6695.138197,50625.86469,41718.12603,16091.78026,11725.54434
271,37452.28697,35668.36271,12139.61833,42002.34397,22530.03934,41923.70104,24672.12747,32862.74169,7452.143185,35712.12927,32006.28371,177690.5401,37750.31228,7357.568237,55250.58362,46544.28989,22093.62307,15678.44473
272,41711.28771,39694.34311,12953.79444,46594.81591,24935.13958,37896.05402,21986.06842,28375.61636,6857.306693,31955.67664,28686.1702,156502.3894,33795.86648,6793.860119,51315.08637,53430.17278,22498.19385,15944.90089
273,46711.1554,44409.12616,13693.07674,51915.83197,27698.59919,41491.63219,24201.36681,31612.28973,7540.432373,35237.96543,31627.41346,172857.6177,37265.32795,9016.495355,67036.71981,41913.48254,14088.88468,10406.40838
274,39356.35704,37456.7268,12287.0894,43985.16768,23545.27111,39946.65917,23171.01616,29891.06453,7808.114114,36928.40271,33121.49423,182392.475,39044.86393,7565.320411,56905.42165,50915.42287,14085.98354,10404.49764
275,37662.45342,35855.50079,11963.27263,42158.63481,22588.70683,40631.59754,23627.80517,30654.1414,8001.572699,38150.11325,34201.29426,189283.4941,40330.96776,7537.763983,56713.03796,58296.06875,16134.32837,11753.56714
276,36562.81194,34816.02338,11753.05857,40972.8936,21967.7283,43428.94518,25493.37106,33770.61346,7216.884731,33194.72934,29821.514,161332.81,35114.39802,7927.902379,59436.76775,50814.81543,14686.55544,10800.04297
277,40575.93768,38609.5812,12520.23174,45300.23903,24233.98048,39401.43249,22807.40161,29283.6378,8011.23666,38211.14214,34255.2342,189627.7256,40395.21333,8694.55398,64789.10378,54749.61513,20375.09543,14546.59759
278,47422.5736,45081.62094,13829.07571,52682.95279,28100.34415,43363.04901,25449.42456,33697.19978,9208.677145,45773.09994,40938.81597,232280.7064,48355.74293,10206.04191,75341.47376,58794.62794,29140.09544,20319.35324
279,43410.80621,41289.34715,13062.16221,48357.07207,25834.85905,41504.17206,24209.72972,31626.26016,9753.08633,49211.09902,43977.46662,251672.6301,51974.95031,8316.198714,62147.63728,54566.93159,22807.0356,16148.30853
280,47824.59757,45461.64919,13905.92902,53116.45442,28327.3711,44604.80876,26277.56069,35080.62083,9427.094238,47152.42598,42157.92332,240060.7507,49807.76978,9076.143078,67453.14711,53046.77296,17617.56165,12730.44601
281,45382.88828,43153.53178,13439.15724,50483.5642,26948.51348,46245.93002,27372.03312,36908.96297,7687.47191,36166.53498,32448.12294,178095.1845,38242.84007,10059.21899,74316.43762,58726.6182,21625.00236,15369.80436
282,46175.77042,43903.0334,13590.72934,51338.52742,27396.26194,45783.48577,27063.6266,36393.76257,9028.042494,44632.37384,39930.59345,225846.4774,47154.89203,12781.85785,93324.39124,59928.99999,29631.42725,20642.95146
283,53177.31641,50521.50769,14929.18684,58888.28039,31350.10488,47098.32328,27940.49867,37858.59816,9102.756775,45104.20208,40347.61543,228507.8095,47651.58915,13728.03112,99930.04793,57160.34706,27047.09294,18940.87155
284,52053.03664,49458.74002,14714.26278,57675.97177,30715.21286,44542.10615,26235.74398,35010.76503,9015.868722,44555.49524,39862.64486,225412.8461,47073.96135,13903.25506,101153.3642,52182.46894,20144.57216,14394.77164
285,46130.96615,43860.68049,13582.16429,51290.21507,27370.96053,44922.57655,26489.48171,35434.63991,7996.898378,38120.59444,34175.20427,189116.9942,40299.89309,9864.189311,72954.84859,51842.66134,16713.07573,12134.73851
286,48634.42387,46227.16791,14060.74027,53989.68849,28784.6881,43832.14436,25762.26673,34219.81004,7103.955317,32481.56867,29191.19209,157310.25,34363.64844,10644.18624,78400.35428,51013.28956,12712.02332,9499.587592
287,43647.08428,41512.69787,13107.33054,48611.85024,25968.28763,48353.82671,28777.80054,39257.33078,8271.833442,39856.83718,35709.76987,198910.2158,42127.64882,9756.192157,72200.8724,50470.4688,19017.57704,13652.51637
288,46713.08645,44410.95156,13693.44589,51917.91422,27699.68967,46852.05263,27776.25948,37584.23269,8915.03155,43918.6983,39299.81648,221821.0133,46403.60044,10779.09862,79342.23767,54086.2663,23636.21227,16694.41626
289,51992.07396,49401.11276,14702.60879,57610.23584,30680.78663,44818.34344,26419.96809,35318.51576,9988.363127,50696.89579,45290.67736,260053.2191,53539.05969,9620.487625,71253.45866,67597.66326,25287.52182,17781.99259
290,52329.70996,49720.27587,14767.15331,57974.30806,30871.45305,50619.45744,30288.76162,41781.42709,10617.08163,54667.31674,48799.90523,282448.2513,57718.75156,9177.321355,68159.5177,68533.34739,26999.73635,18909.68182
291,63328.05963,60116.87893,16869.66377,69833.8064,37082.33093,48405.88151,28812.51616,39315.32404,10350.12153,52981.4367,47309.85233,272939.099,55944.01302,11545.41149,84692.20885,75240.21875,25887.41594,18177.09152
292,53752.42169,51065.14756,15039.12742,59508.41526,31674.87257,51266.70647,30720.41541,42502.51498,9387.970942,46905.3584,41939.55443,238667.174,49547.6799,11687.10004,85681.3997,79378.73933,20704.46496,14763.52513
293,50965.4727,48430.67937,14506.35754,56503.25377,30101.05465,47805.31455,28411.99489,38646.24376,8799.583742,43189.63371,38655.43801,217708.7479,45636.10869,9655.524373,71498.06579,52628.82337,20023.45217,14315.00027
294,54107.83068,51401.11126,15107.06953,59891.65206,31875.57558,51499.52448,30875.68298,42761.89313,8909.571805,43884.21946,39269.3426,221626.5365,46367.3043,11516.54993,84490.71352,76970.63586,18391.52749,13240.19109
295,61621.03238,58503.24732,16543.3382,67993.12235,36118.3556,50700.20567,30342.61304,41871.38716,9240.827099,45976.13015,41118.26276,233425.8918,48569.47436,13778.29893,100280.9899,85171.64061,17699.86662,12784.65325
296,54666.53502,51929.24752,15213.8748,60494.10183,32191.0815,54385.9029,32800.62397,45977.55269,9504.808132,47643.19708,42591.68781,242828.9294,50324.40819,12369.75261,90447.30112,74820.16202,28837.8133,20120.26585
297,49304.73764,46860.80717,14188.88147,54712.48648,29163.22098,58653.51883,35646.71955,50732.02284,10024.71077,50926.43482,45493.55377,261347.9267,53780.69715,10715.91772,78901.1437,75245.12091,30852.73143,21447.32005
298,62469.61489,59305.40181,16705.55832,68908.14717,36597.55862,51407.43855,30814.27038,42659.30193,10586.94982,54477.03134,48631.72285,281374.9526,57518.4367,13568.32721,98815.08382,73100.51345,27368.59167,19152.61526
299,65772.38544,62427.4697,17336.93574,72469.51801,38462.66613,46311.89516,27416.02562,36982.45348,10635.9677,54786.58421,48905.31892,283120.9757,57844.30532,11520.49807,84518.27722,68021.24991,23015.10652,16285.34704
300,63436.47359,60219.3613,16890.38883,69950.70896,37143.55338,45769.26936,27054.14561,36377.92434,9739.223983,49123.55689,43900.09314,251178.8515,51882.79405,10990.14828,80815.66928,71090.71588,20516.70831,14639.86588
301,69464.68152,65917.75124,18042.77719,76450.91346,40547.74259,56582.9077,34265.81806,48425.19416,10173.98603,51869.12322,46326.7421,266665.1304,54773.07228,16344.22802,118194.8829,72339.28239,20373.63751,14545.63739
302,57097.43304,54227.14516,15678.57984,63115.33427,33563.83388,56917.86485,34489.20275,48798.36359,10151.91257,51729.72706,46203.53781,265878.8708,54626.32891,13953.8137,101506.3366,61863.08969,28855.32361,20131.79839
303,63928.93217,60684.87628,16984.53016,70481.72606,37421.64966,57209.17585,34683.47959,49122.90765,11864.30326,62543.64754,55761.3433,326874.4429,66010.22397,15985.18133,115688.2181,58430.32478,33293.07933,23054.56843
304,52458.37887,49957.20147,16956.97419,58816.36374,31544.26972,51688.16582,29997.12474,38742.04758,11670.68456,55130.61189,49450.68145,272110.9541,58291.49477,10330.67247,76824.85809,77532.47624,24673.43109,17602.99664
305,44471.61065,42407.40887,15430.1757,50204.24762,27034.06195,54771.68779,32053.54181,42177.34105,11094.35912,51491.05846,46233.88845,251582.1695,54460.10962,10590.89093,78641.55895,91407.61192,20140.03453,14617.23616
306,42506.40404,40549.72352,15054.49502,48085.16929,25924.29016,61610.45694,36614.35303,49796.28433,11110.53864,51593.23373,46324.19533,252158.4859,54567.6703,11909.66429,87848.5027,86262.2386,26925.92402,19086.52103
307,56384.34042,53668.36407,17707.48453,63049.72019,33761.29941,61402.91662,36475.9433,49565.06759,11981.42677,57092.98043,51185.1067,283179.6309,60357.29482,13011.41456,95540.31169,81236.93786,23481.04369,16817.67307
308,79538.40237,75555.61068,22133.75381,88016.69866,46836.62939,78768.92598,48057.42655,68912.20996,12240.55311,58729.38944,52631.43499,292409.7435,62079.95485,11886.08518,87683.88645,72573.72383,26985.28578,19125.61753
309,73273.14852,69633.14419,20936.05033,81260.88803,43298.57799,70047.54031,42241.08843,59195.87924,11095.9469,51501.08547,46242.75075,251638.7265,54470.66513,10962.09163,81233.07624,77188.48604,21153.89592,15284.97993
310,66853.99075,63565.19424,19708.92565,74339.12311,39673.61549,60718.27308,36019.3509,48802.31918,12188.71426,58402.02188,52342.09354,290563.2373,61735.33257,12932.07371,94986.3979,62148.30163,38514.88617,26719.17893
311,74587.33127,70875.42479,21187.27738,82677.96864,44040.7101,69071.46874,41590.14116,58108.45638,14029.30072,70025.5116,62615.43094,356125.1587,73971.46723,13804.86718,101079.7576,56585.20393,34410.8473,24016.19963
312,70262.36725,66787.09012,20360.49133,78014.36863,41598.35974,65258.33243,39047.14043,53860.31337,13470.90945,66499.21422,59498.73848,336235.1913,70259.30758,15558.06016,113319.5781,71907.12441,35865.72658,24974.40415
313,83396.87282,79202.97479,22871.36216,92177.2796,49015.54619,68142.85434,40970.84332,57073.90465,13135.06833,64378.34359,57624.2223,324272.4884,68026.65118,13490.80277,98887.13418,109720.1433,41142.48844,28449.75575
314,89602.0507,85068.65221,24057.58116,98868.31044,52519.6721,73728.49008,44695.93325,63296.75571,13610.97669,67383.75303,60280.53172,341224.4041,71190.4682,18062.92002,130807.1196,88884.85977,36057.52898,25100.72798
315,107406.854,101899.3112,27461.25409,118067.1941,62574.22233,68449.23792,41175.17214,57415.24079,15367.85241,78478.60092,70086.63286,403804.5382,82870.09765,18854.18243,136331.2746,109907.5324,47612.8555,32711.23297
316,98438.26166,93421.41247,25746.76421,108396.379,57509.56866,76737.35261,46702.55955,66648.87251,15154.29563,77129.96824,68894.65361,396197.6188,81450.38193,15797.89772,114993.9908,111061.6388,43668.75455,30113.59111
317,72519.75223,68920.96805,20792.02658,80448.50232,42873.12758,92598.548,57280.47443,84319.53012,13116.60453,64261.74277,57521.16551,323614.8053,67903.90463,12791.99384,94008.43798,105910.752,36467.11248,25370.48559
318,62370.69817,59327.19355,18851.87257,69504.79772,37141.8554,80598.13325,49277.33452,70950.09515,13092.45399,64109.2297,57386.36793,322754.5601,67743.35297,16228.67648,118001.4491,79785.2063,36002.02489,25064.17219
319,51193.17297,48761.21808,16715.10984,57452.09476,30829.79531,71526.37342,43227.33004,60843.41922,13511.82797,66757.61884,59727.12753,337692.7142,70531.33204,16479.3493,119751.5076,103477.2271,29823.33152,20994.79546
320,82669.20397,78515.11847,22732.25662,91392.63574,48604.62432,71165.72249,42986.81003,60441.62484,15146.70245,77082.01657,68852.27187,395927.1489,81399.90284,18574.05635,134375.5897,106691.5406,32257.17037,22597.75689
321,81512.01752,77421.24452,22511.04192,90144.84392,47951.14958,69378.46848,41794.8809,58450.47897,13228.40906,64967.79973,58145.20885,327597.2969,68647.17607,20102.6639,145047.4794,94367.79341,35517.11555,24744.80389
322,65409.49837,62199.73356,19432.78783,72781.52987,38857.89622,83711.30737,51353.52677,74418.42353,13797.0938,68559.10136,61319.35484,347853.9187,72427.76618,20293.33022,146378.6059,89594.60903,34685.80806,24197.29276
323,75932.18113,72146.69463,21444.36695,84128.11755,44800.16025,83388.43345,51138.20045,74058.71581,13880.79583,69087.68816,61786.54247,350835.3956,72984.21347,16285.76216,118399.9896,105719.1283,34845.49977,24302.46804
324,100856.1169,95706.98093,26208.97591,111003.5474,58874.95566,78167.76029,47656.50598,68242.46264,16833.95258,87737.17179,78269.75383,456027.2106,92616.66453,16331.67071,118720.4976,122920.447,37416.21427,25995.57774
325,90346.59479,85772.46047,24199.91267,99671.15083,52940.12358,77545.43529,47241.47415,67549.14214,17330.27468,90871.49608,81040.00371,473706.2663,95916.19118,17752.86819,128642.5097,112119.3775,41959.7135,28987.99198
326,89987.8286,85433.32326,24131.32877,99284.29397,52737.52473,80190.42016,49005.42851,70495.86972,17973.18258,94931.52454,84628.43052,496606.7268,100190.2135,22508.27464,161842.1186,110999.2037,46025.41644,31665.72267
327,78903.42259,74955.3722,22012.36727,87332.00124,46478.04997,72779.11792,44062.79196,62239.07816,15836.78642,81439.96666,72704.01457,420508.0268,85987.54953,22871.23803,164376.1276,96722.97287,46374.09831,31895.36959
328,55468.07223,52802.22715,17532.32521,62061.71004,33243.87361,70473.07597,42524.88041,59669.96047,16631.33903,86457.64677,77138.85489,448810.0907,91269.69896,23237.21152,166931.1514,100924.1652,51039.45296,34968.03957
329,57956.81403,55154.8038,18008.08801,64745.31533,34649.29096,78123.62763,47627.07367,68193.29528,19329.31432,103495.6337,92197.7565,544912.3099,109205.7153,23104.91908,166007.5591,123825.5309,48892.07945,33553.74835
330,73658.39531,69997.31319,21009.69642,81676.29887,43516.13069,66430.7972,39829.06338,55166.5342,18600.40416,98892.49222,88129.30319,518948.4381,104359.9539,19720.39831,142378.7132,158221.1329,39657.07345,27471.43997
331,57619.2016,54835.66298,17943.548,64381.26852,34458.63785,71705.57624,43346.84134,61043.06569,17123.30204,89564.44292,79884.77422,466333.8749,94540.24654,19508.96787,140902.6232,145330.3038,43233.72984,29827.07755
332,79529.61093,75547.30025,22132.07319,88007.21887,46831.66478,69650.34843,41976.19908,58753.37529,15512.49291,79392.02033,70893.952,408956.6511,83831.6611,18293.71731,132418.4181,130951.9619,53342.74851,36485.02329
333,65868.04781,62633.19464,19520.44689,73275.98281,39116.84367,82727.90195,50697.68851,73322.83016,15006.70798,76197.93733,68070.88483,390940.5283,80469.22601,17132.6039,124312.1687,110316.5348,53425.55204,36539.5589
334,65910.34979,62702.0063,20069.83953,73497.42501,39290.77103,88136.23602,54121.92336,78579.06056,16528.91399,79448.55518,71191.91875,395965.2993,83978.56661,16810.76541,122474.1262,140609.052,47343.01229,32758.96341
335,86420.92518,82090.39797,23990.76407,95613.93725,50873.29776,72340.86292,43587.90572,60981.73433,20335.39614,103486.875,92438.01407,531552.6723,109283.8859,18357.80572,133274.7032,109366.5855,55039.45327,37827.95064
336,108691.3429,103142.3467,28248.11062,119628.0839,63449.62501,86779.02877,53216.79469,77067.02164,22952.71634,120015.5169,107046.7348,624781.9473,126683.711,19913.95508,144138.8744,108351.552,53007.31997,36489.55829
337,107570.2644,102082.6051,28033.79853,118419.2272,62816.54078,84291.04106,51557.54256,74295.20162,20216.4569,102735.7617,91774.14796,527316.0416,108493.1833,18568.00531,134742.2001,100674.3863,46806.53871,32405.63416
338,97507.10768,92570.02832,26110.06518,107568.1456,57133.77572,79544.8918,48392.31058,69007.60656,20559.20589,104900.2562,93687.22084,539524.8038,110771.7629,15867.61273,115889.5576,86683.98783,48208.9535,33329.28481
339,101618.2559,96456.24556,26895.97691,112001.1884,59455.38216,78428.75232,47647.95128,67764.13669,22327.94874,116070.0463,103559.5591,602527.6466,122530.2845,15713.57266,114814.1353,79743.70275,31148.50761,22093.02866
340,108292.6672,102765.4835,28171.89738,119198.1927,63224.48886,84650.79001,51797.46103,74695.99112,21206.04751,108985.1265,97297.60391,562565.3837,115071.9364,17684.23864,128572.2316,96621.37468,35941.44621,25249.72727
341,117409.8041,111383.7996,29914.78394,129029.1831,68373.02714,83507.80456,51035.19801,73422.61266,19884.99122,100642.5224,89924.05354,515509.1924,106289.6146,21518.2991,155339.5141,106172.8634,52094.89091,35888.61932
342,123962.5132,117577.994,31167.43909,136094.9562,72073.40741,83113.73595,50772.39157,72983.58828,19834.09361,100321.0989,89639.96567,513696.2133,105951.2496,23345.01438,168092.6264,105199.3592,59728.05038,40915.92843
343,120206.5115,114027.4923,30449.41928,132044.8671,69952.35572,84512.4697,51705.21449,74541.89109,20165.85636,102416.2142,91491.71821,525513.6441,108156.7932,24196.56922,174037.7098,98071.2142,55970.89444,38441.41125
344,110979.1364,105304.9694,28685.45894,122095.007,64741.56486,85423.06173,52312.49312,75556.36443,18550.80308,92216.98929,82477.20698,467985.2429,97419.99281,21863.61137,157750.2927,121382.1565,33118.21631,23390.30726
345,114536.097,108667.32,29365.42886,125930.4705,66750.21603,92352.37111,56933.6861,83276.17687,19798.3055,100095.0933,89440.21228,512421.4361,105713.3319,23142.78083,166680.744,112697.6433,29032.64971,20699.49407
346,121445.5413,115198.7317,30686.27964,133380.9104,70652.04821,97569.50118,60413.01766,89088.48274,20243.35516,102905.627,91924.28216,528274.1612,108672.0017,22588.53019,162811.2737,105163.7954,63145.22584,43166.52957
347,125466.1914,118999.4022,31454.89122,137716.3694,72922.54949,99537.298,61725.35174,91280.76794,22969.78013,120123.2765,107141.9773,625389.7617,126797.1503,21256.14693,153509.3131,119750.6141,63567.27916,43444.49998
348,127517.8644,120938.8232,31847.10133,139928.6842,74081.14972,105488.8947,65694.50295,97911.32914,22303.15324,115913.4602,103421.1616,601644.4279,122365.4452,26205.40324,188062.2742,117490.516,60637.87473,41515.1519
349,104188.2097,98885.59095,27387.26469,114772.3645,60906.66076,92657.92772,57137.46341,83616.5917,19650.32361,99160.5727,88614.24301,507150.3026,104729.5551,25017.72686,179770.5768,99987.56447,43211.17797,30037.67763
350,103691.943,98416.47617,27292.39537,114237.241,60626.41398,89983.62978,55353.96001,80637.20698,18555.05567,92243.84488,82500.94311,468136.721,97448.2639,24753.84822,177928.3225,118127.0881,80063.28368,54309.00688
351,94457.77083,89687.52814,25527.13566,104280.0518,55411.78475,102489.4292,63694.14363,94569.68148,21083.97051,108214.1979,96616.22425,558216.9857,114260.3741,24954.5379,179329.4265,134730.5801,90140.00144,60945.67879
352,106788.9075,101343.9981,27884.42966,117576.6916,62375.30074,117441.1411,73665.51917,111227.1007,20364.76977,103672.3725,92601.96465,532598.9648,109479.1605,23898.91642,171959.6631,150474.2469,96389.3122,65061.56514
353,133495.631,126589.5316,32989.84704,146374.498,77456.85422,106235.7769,66192.60264,98743.41649,21489.8092,110777.1103,98881.43585,572673.0109,116958.3712,25019.20852,179780.9209,133508.7477,77709.14572,52758.53761
354,134719.1853,127746.1422,33223.74901,147693.8541,78147.80756,99523.85416,61716.38597,91265.79041,22962.65543,120078.2832,107102.2103,625135.9787,126749.7855,26600.89066,190823.3479,107646.802,61189.38637,41878.38543
355,129177.2984,122507.4655,32164.32869,141718.0486,75018.24868,98690.20296,61160.41959,90337.03538,19627.36495,99015.58642,88486.09794,506332.5122,104576.9269,29819.33862,213292.7655,138659.1791,46734.03381,32357.88139
356,108773.3627,103219.879,28263.79002,119716.5257,63495.94241,93183.29688,57487.83488,84201.89555,17858.8388,87847.16486,78614.96923,443337.3881,92819.84591,25148.0938,180680.7264,136009.3222,35025.16691,24646.25248
357,91238.91189,86644.78085,24911.79929,100809.1626,53594.06297,92451.68965,56999.92216,83386.82578,17387.88919,84873.07048,75986.3374,426562.1041,89688.99449,24136.17683,173616.0836,146387.2874,32662.53626,23090.1898
358,115955.9787,110009.5165,29636.86195,127461.5261,67552.03739,92162.82155,56807.2745,83065.00329,19996.71186,101348.0495,90547.62859,519488.6955,107032.3283,25055.08028,180031.3576,170842.0772,35234.36771,24784.03515
359,121513.023,115262.5213,30699.17985,133453.6758,70690.15579,112619.1667,70449.719,105855.0303,22245.69596,115550.6117,103100.4605,599597.7924,121983.4718,25866.59729,185696.919,155800.4626,44955.74422,31186.67417
360,117983.5798,111926.1826,30024.47034,129647.8843,68697.04401,106751.5053,66536.54468,99317.97981,20845.02953,106705.2615,95282.56166,549705.8779,112671.9054,26473.89144,189936.7098,151726.0454,52041.87805,35853.70429
361,117695.7597,111654.1098,29969.44891,129337.5284,68534.50908,99458.57185,61672.84885,91193.06062,19991.15553,101312.9607,90516.61563,519290.7784,106995.3901,28892.52952,206822.2986,157583.1331,52968.39875,36463.92421
362,97358.75304,92429.79052,26081.70481,107408.175,57049.99837,110463.375,69012.01015,103453.3036,18327.6527,90807.77211,81231.68056,460036.5985,95936.49933,28440.79544,203668.542,150428.3432,43405.68347,30165.78177
363,114718.1381,108839.4011,29400.22891,126126.765,66853.01643,103989.7211,64694.69618,96241.12823,19570.27576,98655.0624,88167.45139,504298.988,104197.4006,25202.12819,181057.9645,113393.3059,46449.54509,32170.51301
364,162139.0854,153665.8326,38465.50148,177260.6773,93632.09894,101032.8166,62722.72097,92946.89689,22694.13096,118382.5241,105603.4258,615571.1035,124964.6472,28613.01391,204870.8758,135803.4009,58694.29307,40235.08094
